"morphology","start year","end year","same primary"
"9742/3","2001","2009","9590/3"
"9742/3","2001","2009","9740/3"
"9742/3","2001","2009","9741/3"
"9742/3","2010","9999","9800/3"
"9742/3","2010","9999","9801/3"
"9742/3","2010","9999","9960/3"
"9742/3","2010","9999","9975/3"
"9741/3","2001","2009","9590/3"
"9741/3","2001","2009","9740/3"
"9741/3","2001","2009","9742/3"
"9741/3","2010","9999","9960/3"
"9741/3","2010","9999","9975/3"
"9968/3","2021","9999","9800/3"
"9968/3","2021","9999","9801/3"
"9968/3","2021","9999","9860/3"
"9968/3","2021","9999","9861/3"
"9766/3","2021","9999","9590/3"
"9766/3","2021","9999","9591/3"
"9812/3","2010","9999","9590/3"
"9812/3","2010","9999","9591/3"
"9812/3","2010","9999","9728/3"
"9812/3","2010","9999","9800/3"
"9812/3","2010","9999","9801/3"
"9812/3","2010","9999","9811/3"
"9812/3","2010","9999","9820/3"
"9812/3","2010","9999","9835/3"
"9812/3","2010","9999","9836/3"
"9754/3","2001","2009","9590/3"
"9754/3","2001","2009","9750/3"
"9754/3","2010","2009","9751/3"
"9754/3","2001","2009","9755/3"
"9754/3","2001","2009","9756/3"
"9715/3","2021","9999","9590/3"
"9715/3","2021","9999","9591/3"
"9684/3","2001","2009","9590/3"
"9684/3","2001","2009","9591/3"
"9684/3","2001","2009","9596/3"
"9684/3","2001","2009","9670/3"
"9684/3","2001","2009","9671/3"
"9684/3","2001","2009","9675/3"
"9684/3","2001","2009","9678/3"
"9684/3","2001","2009","9679/3"
"9684/3","2001","2009","9680/3"
"9684/3","2001","2009","9687/3"
"9684/3","2001","2009","9690/3"
"9684/3","2001","2009","9691/3"
"9684/3","2001","2009","9695/3"
"9684/3","2001","2009","9698/3"
"9684/3","2010","2009","9735/3"
"9684/3","2010","2009","9737/3"
"9684/3","2001","2009","9760/3"
"9684/3","2001","2009","9761/3"
"9684/3","2001","2009","9762/3"
"9684/3","2001","2009","9764/3"
"9684/3","2001","2009","9805/3"
"9684/3","2001","2009","9820/3"
"9684/3","2001","2009","9823/3"
"9684/3","2001","2009","9832/3"
"9684/3","2001","2009","9833/3"
"9728/3","2001","2009","9590/3"
"9728/3","2001","2009","9591/3"
"9728/3","2001","2009","9596/3"
"9728/3","2001","2009","9727/3"
"9728/3","2001","2009","9729/3"
"9728/3","2001","2009","9800/3"
"9728/3","2001","2009","9801/3"
"9728/3","2001","2009","9805/3"
"9728/3","2010","2009","9811/3"
"9728/3","2010","2009","9812/3"
"9728/3","2010","2009","9813/3"
"9728/3","2010","2009","9814/3"
"9728/3","2010","2009","9815/3"
"9728/3","2010","2009","9816/3"
"9728/3","2010","2009","9817/3"
"9728/3","2010","2009","9818/3"
"9728/3","2021","2009","9819/3"
"9728/3","2001","2009","9820/3"
"9728/3","2001","2009","9835/3"
"9728/3","2001","2009","9836/3"
"9687/3","2001","9999","9590/3"
"9687/3","2001","9999","9591/3"
"9687/3","2001","2009","9596/3"
"9687/3","2001","2009","9675/3"
"9687/3","2001","2009","9678/3"
"9687/3","2001","2009","9679/3"
"9687/3","2001","2009","9680/3"
"9687/3","2001","2009","9684/3"
"9687/3","2001","2009","9764/3"
"9687/3","2001","2009","9800/3"
"9687/3","2001","2009","9801/3"
"9687/3","2001","2009","9805/3"
"9687/3","2001","2009","9820/3"
"9687/3","2001","2009","9826/3"
"9688/3","2010","9999","9590/3"
"9688/3","2010","9999","9591/3"
"9689/3","2001","9999","9590/3"
"9689/3","2001","9999","9591/3"
"9689/3","2001","2009","9596/3"
"9689/3","2001","2009","9699/3"
"9689/3","2001","2009","9805/3"
"9712/3","2010","9999","9590/3"
"9712/3","2010","9999","9591/3"
"9596/3","2001","9999","9590/3"
"9596/3","2001","9999","9591/3"
"9596/3","2001","2009","9650/3"
"9596/3","2001","2009","9651/3"
"9596/3","2001","2009","9652/3"
"9596/3","2001","2009","9653/3"
"9596/3","2001","2009","9654/3"
"9596/3","2001","2009","9655/3"
"9596/3","2001","2009","9659/3"
"9596/3","2001","2009","9663/3"
"9596/3","2001","2009","9664/3"
"9596/3","2001","2009","9665/3"
"9596/3","2001","2009","9667/3"
"9596/3","2001","2009","9670/3"
"9596/3","2001","2009","9671/3"
"9596/3","2001","2009","9673/3"
"9596/3","2001","2009","9675/3"
"9596/3","2001","2009","9678/3"
"9596/3","2001","2009","9679/3"
"9596/3","2001","2009","9680/3"
"9596/3","2001","2009","9684/3"
"9596/3","2001","2009","9687/3"
"9596/3","2001","2009","9689/3"
"9596/3","2001","2009","9690/3"
"9596/3","2001","2009","9691/3"
"9596/3","2001","2009","9695/3"
"9596/3","2001","2009","9698/3"
"9596/3","2001","2009","9699/3"
"9596/3","2001","2009","9700/3"
"9596/3","2001","2009","9701/3"
"9596/3","2001","2009","9702/3"
"9596/3","2001","2009","9705/3"
"9596/3","2001","2009","9708/3"
"9596/3","2001","2009","9709/3"
"9596/3","2001","2009","9714/3"
"9596/3","2001","2009","9716/3"
"9596/3","2001","2009","9717/3"
"9596/3","2001","2009","9718/3"
"9596/3","2001","2009","9719/3"
"9596/3","2001","2009","9727/3"
"9596/3","2001","2009","9728/3"
"9596/3","2001","2009","9729/3"
"9596/3","2001","2009","9760/3"
"9596/3","2001","2009","9761/3"
"9596/3","2001","2009","9762/3"
"9596/3","2001","2009","9764/3"
"9596/3","2001","2009","9800/3"
"9596/3","2001","2009","9801/3"
"9596/3","2001","2009","9820/3"
"9596/3","2001","2009","9823/3"
"9596/3","2001","2009","9826/3"
"9596/3","2001","2009","9827/3"
"9596/3","2001","2009","9835/3"
"9596/3","2001","2009","9836/3"
"9596/3","2001","2009","9837/3"
"9591/3","2001","9999","9590/3"
"9591/3","2001","9999","9596/3"
"9591/3","2010","9999","9597/3"
"9591/3","2001","9999","9670/3"
"9591/3","2001","9999","9671/3"
"9591/3","2001","9999","9673/3"
"9591/3","2001","9999","9675/3"
"9591/3","2001","9999","9678/3"
"9591/3","2001","9999","9679/3"
"9591/3","2001","9999","9680/3"
"9591/3","2001","9999","9684/3"
"9591/3","2001","9999","9687/3"
"9591/3","2010","9999","9688/3"
"9591/3","2001","9999","9689/3"
"9591/3","2001","9999","9690/3"
"9591/3","2001","9999","9691/3"
"9591/3","2001","9999","9695/3"
"9591/3","2001","9999","9698/3"
"9591/3","2001","9999","9699/3"
"9591/3","2001","9999","9700/3"
"9591/3","2001","9999","9701/3"
"9591/3","2001","9999","9702/3"
"9591/3","2001","9999","9705/3"
"9591/3","2001","9999","9708/3"
"9591/3","2001","9999","9709/3"
"9591/3","2010","9999","9712/3"
"9591/3","2001","9999","9714/3"
"9591/3","2021","9999","9715/3"
"9591/3","2001","9999","9716/3"
"9591/3","2001","9999","9717/3"
"9591/3","2001","9999","9718/3"
"9591/3","2001","9999","9719/3"
"9591/3","2010","9999","9724/3"
"9591/3","2010","9999","9725/3"
"9591/3","2010","9999","9726/3"
"9591/3","2001","9999","9727/3"
"9591/3","2001","9999","9728/3"
"9591/3","2001","9999","9729/3"
"9591/3","2010","9999","9735/3"
"9591/3","2010","9999","9737/3"
"9591/3","2010","9999","9738/3"
"9591/3","2001","2009","9757/3"
"9591/3","2001","2009","9758/3"
"9591/3","2001","2009","9760/3"
"9591/3","2001","9999","9761/3"
"9591/3","2001","2009","9762/3"
"9591/3","2001","9999","9764/3"
"9591/3","2021","9999","9766/3"
"9591/3","2001","2009","9800/3"
"9591/3","2001","2009","9801/3"
"9591/3","2001","2009","9805/3"
"9591/3","2010","9999","9811/3"
"9591/3","2010","9999","9812/3"
"9591/3","2010","9999","9813/3"
"9591/3","2010","9999","9814/3"
"9591/3","2010","9999","9815/3"
"9591/3","2010","9999","9816/3"
"9591/3","2010","9999","9817/3"
"9591/3","2010","9999","9818/3"
"9591/3","2021","9999","9819/3"
"9591/3","2001","2009","9820/3"
"9591/3","2001","9999","9823/3"
"9591/3","2001","2009","9826/3"
"9591/3","2001","9999","9827/3"
"9591/3","2001","9999","9835/3"
"9591/3","2001","9999","9836/3"
"9591/3","2001","9999","9837/3"
"9591/3","2001","2009","9948/3"
"9834/3","2001","9999","9590/3"
"9834/3","2010","9999","9800/3"
"9834/3","2010","9999","9801/3"
"9834/3","2001","2009","9805/3"
"9834/3","2001","9999","9820/3"
"9834/3","2001","2009","9827/3"
"9834/3","2001","2009","9832/3"
"9835/3","2001","2009","9590/3"
"9835/3","2001","2009","9591/3"
"9835/3","2001","2009","9596/3"
"9835/3","2001","2009","9727/3"
"9835/3","2001","2009","9728/3"
"9835/3","2001","2009","9729/3"
"9835/3","2001","2009","9800/3"
"9835/3","2001","2009","9801/3"
"9835/3","2001","2009","9805/3"
"9835/3","2010","2009","9811/3"
"9835/3","2010","2009","9812/3"
"9835/3","2010","2009","9813/3"
"9835/3","2010","2009","9814/3"
"9835/3","2010","2009","9815/3"
"9835/3","2010","2009","9816/3"
"9835/3","2010","2009","9817/3"
"9835/3","2010","2009","9818/3"
"9835/3","2021","2009","9819/3"
"9835/3","2001","2009","9820/3"
"9835/3","2001","2009","9836/3"
"9835/3","2001","2009","9837/3"
"9590/3","2001","9999","9591/3"
"9590/3","2001","9999","9596/3"
"9590/3","2010","9999","9597/3"
"9590/3","2001","9999","9650/3"
"9590/3","2001","9999","9651/3"
"9590/3","2001","9999","9652/3"
"9590/3","2001","9999","9653/3"
"9590/3","2001","9999","9654/3"
"9590/3","2001","9999","9655/3"
"9590/3","2001","9999","9659/3"
"9590/3","2001","9999","9661/3"
"9590/3","2001","9999","9662/3"
"9590/3","2001","9999","9663/3"
"9590/3","2001","9999","9664/3"
"9590/3","2001","9999","9665/3"
"9590/3","2001","9999","9667/3"
"9590/3","2001","9999","9670/3"
"9590/3","2001","9999","9671/3"
"9590/3","2001","9999","9673/3"
"9590/3","2001","9999","9675/3"
"9590/3","2001","9999","9678/3"
"9590/3","2001","9999","9679/3"
"9590/3","2001","9999","9680/3"
"9590/3","2001","9999","9684/3"
"9590/3","2001","9999","9687/3"
"9590/3","2010","9999","9688/3"
"9590/3","2001","9999","9689/3"
"9590/3","2001","9999","9690/3"
"9590/3","2001","9999","9691/3"
"9590/3","2001","9999","9695/3"
"9590/3","2001","9999","9698/3"
"9590/3","2001","9999","9699/3"
"9590/3","2001","9999","9700/3"
"9590/3","2001","9999","9701/3"
"9590/3","2001","9999","9702/3"
"9590/3","2001","9999","9705/3"
"9590/3","2001","9999","9708/3"
"9590/3","2001","9999","9709/3"
"9590/3","2010","9999","9712/3"
"9590/3","2001","9999","9714/3"
"9590/3","2021","9999","9715/3"
"9590/3","2001","9999","9716/3"
"9590/3","2001","9999","9717/3"
"9590/3","2001","9999","9718/3"
"9590/3","2001","9999","9719/3"
"9590/3","2010","9999","9724/3"
"9590/3","2010","9999","9725/3"
"9590/3","2010","9999","9726/3"
"9590/3","2001","9999","9727/3"
"9590/3","2001","9999","9728/3"
"9590/3","2001","9999","9729/3"
"9590/3","2001","2009","9731/3"
"9590/3","2001","2009","9732/3"
"9590/3","2001","9999","9733/3"
"9590/3","2001","2009","9734/3"
"9590/3","2010","9999","9735/3"
"9590/3","2010","9999","9737/3"
"9590/3","2010","9999","9738/3"
"9590/3","2001","2009","9740/3"
"9590/3","2001","2009","9741/3"
"9590/3","2001","2009","9742/3"
"9590/3","2021","9999","9749/3"
"9590/3","2001","2009","9750/3"
"9590/3","2001","2009","9754/3"
"9590/3","2001","2009","9755/3"
"9590/3","2001","2009","9756/3"
"9590/3","2001","2009","9757/3"
"9590/3","2001","2009","9758/3"
"9590/3","2001","9999","9760/3"
"9590/3","2001","9999","9761/3"
"9590/3","2001","9999","9762/3"
"9590/3","2001","9999","9764/3"
"9590/3","2021","9999","9766/3"
"9590/3","2001","2009","9800/3"
"9590/3","2001","2009","9801/3"
"9590/3","2001","2009","9805/3"
"9590/3","2010","9999","9811/3"
"9590/3","2010","9999","9812/3"
"9590/3","2010","9999","9813/3"
"9590/3","2010","9999","9814/3"
"9590/3","2010","9999","9815/3"
"9590/3","2010","9999","9816/3"
"9590/3","2010","9999","9817/3"
"9590/3","2010","9999","9818/3"
"9590/3","2021","9999","9819/3"
"9590/3","2001","2009","9820/3"
"9590/3","2001","9999","9823/3"
"9590/3","2001","2009","9826/3"
"9590/3","2001","9999","9827/3"
"9590/3","2010","9999","9831/3"
"9590/3","2001","2009","9832/3"
"9590/3","2001","2009","9833/3"
"9590/3","2001","9999","9834/3"
"9590/3","2001","9999","9835/3"
"9590/3","2001","9999","9836/3"
"9590/3","2001","9999","9837/3"
"9590/3","2001","9999","9840/3"
"9590/3","2001","2009","9860/3"
"9590/3","2001","2009","9861/3"
"9590/3","2001","2009","9863/3"
"9590/3","2001","9999","9866/3"
"9590/3","2001","9999","9867/3"
"9590/3","2001","9999","9870/3"
"9590/3","2001","9999","9871/3"
"9590/3","2001","9999","9872/3"
"9590/3","2001","9999","9873/3"
"9590/3","2001","9999","9874/3"
"9590/3","2001","2009","9875/3"
"9590/3","2001","2009","9876/3"
"9590/3","2001","9999","9891/3"
"9590/3","2001","9999","9895/3"
"9590/3","2001","9999","9896/3"
"9590/3","2001","9999","9897/3"
"9590/3","2001","9999","9910/3"
"9590/3","2001","9999","9930/3"
"9590/3","2001","9999","9931/3"
"9590/3","2001","2009","9940/3"
"9590/3","2001","2009","9945/3"
"9590/3","2001","2009","9946/3"
"9590/3","2001","9999","9948/3"
"9980/3","2001","9999","9800/3"
"9980/3","2001","2009","9801/3"
"9980/3","2001","2009","9805/3"
"9980/3","2001","2009","9840/3"
"9980/3","2001","2009","9860/3"
"9980/3","2001","2009","9861/3"
"9980/3","2001","2009","9863/3"
"9980/3","2001","2009","9866/3"
"9980/3","2001","2009","9867/3"
"9980/3","2001","2009","9870/3"
"9980/3","2001","2009","9871/3"
"9980/3","2001","2009","9872/3"
"9980/3","2001","2009","9873/3"
"9980/3","2001","2009","9874/3"
"9980/3","2001","2009","9875/3"
"9980/3","2001","2009","9876/3"
"9980/3","2001","2009","9891/3"
"9980/3","2001","2009","9895/3"
"9980/3","2001","2009","9896/3"
"9980/3","2001","2009","9897/3"
"9980/3","2001","2009","9910/3"
"9980/3","2001","2009","9920/3"
"9980/3","2001","2009","9930/3"
"9980/3","2001","2009","9931/3"
"9980/3","2001","2009","9945/3"
"9980/3","2001","2009","9946/3"
"9980/3","2001","2009","9961/3"
"9980/3","2001","9999","9982/3"
"9980/3","2001","9999","9983/3"
"9980/3","2001","9999","9984/3"
"9980/3","2001","9999","9985/3"
"9980/3","2001","9999","9986/3"
"9980/3","2001","2009","9987/3"
"9980/3","2001","9999","9989/3"
"9980/3","2010","9999","9991/3"
"9980/3","2010","9999","9992/3"
"9980/3","2021","9999","9993/3"
"9695/3","2001","9999","9590/3"
"9695/3","2001","9999","9591/3"
"9695/3","2001","2009","9596/3"
"9695/3","2001","9999","9675/3"
"9695/3","2001","2009","9678/3"
"9695/3","2001","2009","9679/3"
"9695/3","2001","2009","9680/3"
"9695/3","2001","2009","9684/3"
"9695/3","2001","9999","9690/3"
"9695/3","2001","9999","9691/3"
"9695/3","2001","9999","9698/3"
"9695/3","2001","2009","9805/3"
"9695/3","2001","2009","9820/3"
"9833/3","2001","2009","9590/3"
"9833/3","2001","2009","9670/3"
"9833/3","2001","2009","9671/3"
"9833/3","2001","2009","9678/3"
"9833/3","2001","2009","9679/3"
"9833/3","2001","2009","9680/3"
"9833/3","2001","2009","9684/3"
"9833/3","2010","9999","9800/3"
"9833/3","2010","9999","9801/3"
"9833/3","2001","2009","9805/3"
"9833/3","2001","2009","9820/3"
"9833/3","2001","2009","9823/3"
"9833/3","2001","2009","9832/3"
"9982/3","2001","9999","9800/3"
"9982/3","2001","2009","9801/3"
"9982/3","2001","2009","9805/3"
"9982/3","2001","2009","9840/3"
"9982/3","2001","2009","9860/3"
"9982/3","2001","2009","9861/3"
"9982/3","2001","2009","9863/3"
"9982/3","2001","2009","9866/3"
"9982/3","2001","2009","9867/3"
"9982/3","2001","2009","9870/3"
"9982/3","2001","2009","9871/3"
"9982/3","2001","2009","9872/3"
"9982/3","2001","2009","9873/3"
"9982/3","2001","2009","9874/3"
"9982/3","2001","2009","9875/3"
"9982/3","2001","2009","9876/3"
"9982/3","2001","2009","9891/3"
"9982/3","2001","2009","9895/3"
"9982/3","2001","2009","9896/3"
"9982/3","2001","2009","9897/3"
"9982/3","2001","2009","9910/3"
"9982/3","2001","2009","9920/3"
"9982/3","2001","2009","9930/3"
"9982/3","2001","2009","9931/3"
"9982/3","2001","2009","9945/3"
"9982/3","2001","2009","9946/3"
"9982/3","2010","9999","9960/3"
"9982/3","2001","2009","9961/3"
"9982/3","2010","9999","9975/3"
"9982/3","2001","9999","9980/3"
"9982/3","2001","9999","9983/3"
"9982/3","2001","9999","9984/3"
"9982/3","2001","9999","9985/3"
"9982/3","2001","9999","9986/3"
"9982/3","2001","9999","9989/3"
"9982/3","2001","2009","9987/3"
"9982/3","2010","9999","9991/3"
"9982/3","2010","9999","9992/3"
"9982/3","2021","9999","9993/3"
"9680/3","2001","9999","9590/3"
"9680/3","2001","9999","9591/3"
"9680/3","2001","2009","9596/3"
"9680/3","2001","2009","9670/3"
"9680/3","2001","2009","9671/3"
"9680/3","2001","2009","9675/3"
"9680/3","2001","2009","9678/3"
"9680/3","2001","2009","9679/3"
"9680/3","2001","9999","9684/3"
"9680/3","2001","2009","9687/3"
"9680/3","2001","2009","9690/3"
"9680/3","2001","2009","9691/3"
"9680/3","2001","2009","9695/3"
"9680/3","2001","2009","9698/3"
"9680/3","2010","9999","9737/3"
"9680/3","2001","2009","9760/3"
"9680/3","2001","2009","9761/3"
"9680/3","2001","2009","9762/3"
"9680/3","2001","2009","9764/3"
"9680/3","2001","2009","9805/3"
"9680/3","2001","2009","9820/3"
"9680/3","2001","2009","9823/3"
"9680/3","2001","2009","9832/3"
"9680/3","2001","2009","9833/3"
"9983/3","2001","9999","9800/3"
"9983/3","2001","2009","9801/3"
"9983/3","2001","2009","9805/3"
"9983/3","2001","2009","9840/3"
"9983/3","2001","2009","9860/3"
"9983/3","2001","2009","9861/3"
"9983/3","2001","2009","9863/3"
"9983/3","2001","2009","9866/3"
"9983/3","2001","2009","9867/3"
"9983/3","2001","2009","9870/3"
"9983/3","2001","2009","9871/3"
"9983/3","2001","2009","9872/3"
"9983/3","2001","2009","9873/3"
"9983/3","2001","2009","9874/3"
"9983/3","2001","2009","9875/3"
"9983/3","2001","2009","9876/3"
"9983/3","2001","2009","9891/3"
"9983/3","2001","2009","9895/3"
"9983/3","2001","2009","9896/3"
"9983/3","2001","2009","9897/3"
"9983/3","2001","2009","9910/3"
"9983/3","2001","2009","9920/3"
"9983/3","2001","2009","9930/3"
"9983/3","2001","2009","9931/3"
"9983/3","2001","2009","9945/3"
"9983/3","2001","2009","9946/3"
"9983/3","2001","2009","9961/3"
"9983/3","2001","9999","9980/3"
"9983/3","2001","9999","9982/3"
"9983/3","2001","9999","9984/3"
"9983/3","2001","9999","9985/3"
"9983/3","2001","9999","9986/3"
"9983/3","2001","2009","9987/3"
"9983/3","2001","9999","9989/3"
"9983/3","2010","9999","9991/3"
"9983/3","2010","9999","9992/3"
"9983/3","2021","9999","9993/3"
"9700/3","2001","9999","9590/3"
"9700/3","2001","9999","9591/3"
"9700/3","2001","2009","9596/3"
"9700/3","2001","9999","9701/3"
"9700/3","2001","2009","9805/3"
"9700/3","2001","2009","9820/3"
"9651/3","2001","9999","9590/3"
"9651/3","2001","2009","9596/3"
"9651/3","2001","9999","9650/3"
"9651/3","2001","9999","9652/3"
"9651/3","2001","9999","9653/3"
"9651/3","2001","9999","9654/3"
"9651/3","2001","9999","9655/3"
"9651/3","2001","9999","9659/3"
"9651/3","2001","9999","9661/3"
"9651/3","2001","9999","9662/3"
"9651/3","2001","9999","9663/3"
"9651/3","2001","9999","9664/3"
"9651/3","2001","9999","9665/3"
"9651/3","2001","9999","9667/3"
"9652/3","2001","9999","9590/3"
"9652/3","2001","2009","9596/3"
"9652/3","2001","9999","9650/3"
"9652/3","2001","9999","9651/3"
"9652/3","2001","9999","9653/3"
"9652/3","2001","9999","9654/3"
"9652/3","2001","9999","9655/3"
"9652/3","2001","9999","9659/3"
"9652/3","2001","9999","9661/3"
"9652/3","2001","9999","9662/3"
"9652/3","2001","9999","9663/3"
"9652/3","2001","9999","9664/3"
"9652/3","2001","9999","9665/3"
"9652/3","2001","9999","9667/3"
"9690/3","2001","9999","9590/3"
"9690/3","2001","9999","9591/3"
"9690/3","2001","2009","9596/3"
"9690/3","2001","9999","9675/3"
"9690/3","2001","2009","9678/3"
"9690/3","2001","2009","9679/3"
"9690/3","2001","2009","9680/3"
"9690/3","2001","2009","9684/3"
"9690/3","2001","9999","9691/3"
"9690/3","2001","9999","9695/3"
"9690/3","2001","9999","9698/3"
"9690/3","2001","2009","9805/3"
"9690/3","2001","2009","9820/3"
"9691/3","2001","9999","9590/3"
"9691/3","2001","9999","9591/3"
"9691/3","2001","2009","9596/3"
"9691/3","2001","9999","9675/3"
"9691/3","2001","2009","9678/3"
"9691/3","2001","2009","9679/3"
"9691/3","2001","2009","9680/3"
"9691/3","2001","2009","9684/3"
"9691/3","2001","9999","9690/3"
"9691/3","2001","9999","9695/3"
"9691/3","2001","9999","9698/3"
"9691/3","2001","2009","9805/3"
"9691/3","2001","2009","9820/3"
"9964/3","2001","9999","9800/3"
"9964/3","2001","2009","9801/3"
"9964/3","2001","2009","9840/3"
"9964/3","2001","2009","9860/3"
"9964/3","2001","2009","9861/3"
"9964/3","2001","2009","9863/3"
"9964/3","2001","2009","9866/3"
"9964/3","2001","2009","9867/3"
"9964/3","2001","2009","9870/3"
"9964/3","2001","2009","9871/3"
"9964/3","2001","2009","9872/3"
"9964/3","2001","2009","9873/3"
"9964/3","2001","2009","9874/3"
"9964/3","2001","2009","9875/3"
"9964/3","2001","2009","9876/3"
"9964/3","2001","2009","9891/3"
"9964/3","2001","2009","9895/3"
"9964/3","2001","2009","9896/3"
"9964/3","2001","2009","9897/3"
"9964/3","2001","2009","9910/3"
"9964/3","2001","2009","9920/3"
"9964/3","2001","2009","9930/3"
"9964/3","2001","2009","9931/3"
"9964/3","2001","2009","9945/3"
"9964/3","2001","2009","9946/3"
"9964/3","2010","9999","9960/3"
"9964/3","2001","2009","9961/3"
"9964/3","2010","9999","9975/3"
"9962/3","2001","2009","9800/3"
"9962/3","2001","2009","9801/3"
"9962/3","2001","2009","9840/3"
"9962/3","2001","2009","9860/3"
"9962/3","2001","2009","9861/3"
"9962/3","2001","2009","9863/3"
"9962/3","2001","2009","9866/3"
"9962/3","2001","2009","9867/3"
"9962/3","2001","2009","9870/3"
"9962/3","2001","2009","9871/3"
"9962/3","2001","2009","9872/3"
"9962/3","2001","2009","9873/3"
"9962/3","2001","2009","9874/3"
"9962/3","2001","2009","9875/3"
"9962/3","2001","2009","9876/3"
"9962/3","2001","2009","9891/3"
"9962/3","2001","2009","9895/3"
"9962/3","2001","2009","9896/3"
"9962/3","2001","2009","9897/3"
"9962/3","2001","2009","9910/3"
"9962/3","2001","2009","9920/3"
"9962/3","2001","2009","9930/3"
"9962/3","2001","2009","9931/3"
"9962/3","2001","2009","9945/3"
"9962/3","2001","9999","9960/3"
"9962/3","2001","2009","9961/3"
"9962/3","2001","2009","9963/3"
"9962/3","2010","9999","9975/3"
"9654/3","2001","2009","9590/3"
"9654/3","2001","2009","9650/3"
"9654/3","2001","2009","9596/3"
"9654/3","2001","2009","9651/3"
"9654/3","2001","2009","9652/3"
"9654/3","2001","2009","9653/3"
"9654/3","2001","2009","9655/3"
"9654/3","2001","2009","9659/3"
"9654/3","2001","2009","9661/3"
"9654/3","2001","2009","9662/3"
"9654/3","2001","2009","9663/3"
"9654/3","2001","2009","9664/3"
"9654/3","2001","2009","9665/3"
"9654/3","2001","2009","9667/3"
"9673/3","2001","9999","9590/3"
"9673/3","2001","9999","9591/3"
"9673/3","2001","2009","9596/3"
"9673/3","2001","2009","9805/3"
"9819/3","2021","9999","9590/3"
"9819/3","2021","9999","9591/3"
"9819/3","2021","9999","9728/3"
"9819/3","2021","9999","9800/3"
"9819/3","2021","9999","9801/3"
"9819/3","2021","9999","9811/3"
"9819/3","2021","9999","9820/3"
"9819/3","2021","9999","9835/3"
"9819/3","2021","9999","9836/3"
"9662/3","2001","2009","9590/3"
"9662/3","2001","2009","9650/3"
"9662/3","2001","2009","9651/3"
"9662/3","2001","2009","9652/3"
"9662/3","2001","2009","9653/3"
"9662/3","2001","2009","9654/3"
"9662/3","2001","2009","9655/3"
"9662/3","2001","2009","9659/3"
"9662/3","2001","2009","9661/3"
"9662/3","2001","2009","9663/3"
"9662/3","2001","2009","9664/3"
"9662/3","2001","2009","9665/3"
"9662/3","2001","2009","9667/3"
"9659/3","2001","9999","9590/3"
"9659/3","2001","2009","9596/3"
"9659/3","2001","9999","9650/3"
"9659/3","2001","9999","9651/3"
"9659/3","2001","9999","9652/3"
"9659/3","2001","9999","9653/3"
"9659/3","2001","9999","9654/3"
"9659/3","2001","9999","9655/3"
"9659/3","2001","9999","9661/3"
"9659/3","2001","9999","9662/3"
"9659/3","2001","9999","9663/3"
"9659/3","2001","9999","9664/3"
"9659/3","2001","9999","9665/3"
"9659/3","2001","9999","9667/3"
"9675/3","2001","2009","9590/3"
"9675/3","2001","2009","9591/3"
"9675/3","2001","2009","9596/3"
"9675/3","2001","2009","9670/3"
"9675/3","2001","2009","9671/3"
"9675/3","2001","2009","9678/3"
"9675/3","2001","2009","9679/3"
"9675/3","2001","2009","9680/3"
"9675/3","2001","2009","9684/3"
"9675/3","2001","2009","9687/3"
"9675/3","2001","2009","9690/3"
"9675/3","2001","2009","9691/3"
"9675/3","2001","2009","9695/3"
"9675/3","2001","2009","9698/3"
"9675/3","2001","2009","9760/3"
"9675/3","2001","2009","9761/3"
"9675/3","2001","2009","9762/3"
"9675/3","2001","2009","9764/3"
"9675/3","2001","2009","9805/3"
"9675/3","2001","2009","9820/3"
"9675/3","2001","2009","9823/3"
"9675/3","2001","2009","9832/3"
"9655/3","2001","9999","9590/3"
"9655/3","2001","2009","9596/3"
"9655/3","2001","9999","9650/3"
"9655/3","2001","9999","9651/3"
"9655/3","2001","9999","9652/3"
"9655/3","2001","9999","9653/3"
"9655/3","2001","9999","9654/3"
"9655/3","2001","9999","9659/3"
"9655/3","2001","9999","9661/3"
"9655/3","2001","9999","9662/3"
"9655/3","2001","9999","9663/3"
"9655/3","2001","9999","9664/3"
"9655/3","2001","9999","9665/3"
"9655/3","2001","9999","9667/3"
"9867/3","2001","9999","9590/3"
"9867/3","2001","9999","9800/3"
"9867/3","2001","9999","9801/3"
"9867/3","2001","2009","9805/3"
"9867/3","2001","2009","9840/3"
"9867/3","2001","9999","9860/3"
"9867/3","2001","9999","9861/3"
"9867/3","2001","2009","9863/3"
"9867/3","2001","2009","9866/3"
"9867/3","2001","2009","9870/3"
"9867/3","2001","2009","9871/3"
"9867/3","2001","2009","9872/3"
"9867/3","2001","2009","9873/3"
"9867/3","2001","2009","9874/3"
"9867/3","2001","2009","9875/3"
"9867/3","2001","2009","9876/3"
"9867/3","2001","2009","9891/3"
"9867/3","2001","2009","9895/3"
"9867/3","2001","2009","9896/3"
"9867/3","2001","2009","9897/3"
"9867/3","2001","2009","9910/3"
"9867/3","2001","2009","9920/3"
"9867/3","2001","2009","9930/3"
"9867/3","2001","2009","9931/3"
"9867/3","2001","2009","9945/3"
"9867/3","2001","2009","9946/3"
"9867/3","2001","2009","9960/3"
"9867/3","2001","2009","9961/3"
"9867/3","2001","2009","9962/3"
"9867/3","2001","2009","9963/3"
"9867/3","2001","2009","9964/3"
"9867/3","2001","2009","9980/3"
"9867/3","2001","2009","9982/3"
"9867/3","2001","2009","9983/3"
"9867/3","2001","2009","9984/3"
"9867/3","2001","2009","9985/3"
"9867/3","2001","2009","9987/3"
"9867/3","2001","2009","9989/3"
"9867/3","2001","2009","9986/3"
"9737/3","2010","9999","9590/3"
"9737/3","2010","9999","9591/3"
"9737/3","2010","9999","9679/3"
"9737/3","2010","9999","9680/3"
"9737/3","2010","9999","9684/3"
"9698/3","2001","9999","9590/3"
"9698/3","2001","9999","9591/3"
"9698/3","2001","2009","9596/3"
"9698/3","2001","9999","9675/3"
"9698/3","2001","2009","9678/3"
"9698/3","2001","2009","9679/3"
"9698/3","2001","2009","9680/3"
"9698/3","2001","2009","9684/3"
"9698/3","2001","9999","9690/3"
"9698/3","2001","9999","9691/3"
"9698/3","2001","9999","9695/3"
"9698/3","2001","2009","9805/3"
"9698/3","2001","2009","9820/3"
"9966/3","2010","9999","9800/3"
"9966/3","2010","9999","9801/3"
"9966/3","2010","9999","9860/3"
"9966/3","2010","9999","9861/3"
"9966/3","2010","9999","9863/3"
"9653/3","2001","9999","9590/3"
"9653/3","2001","2009","9596/3"
"9653/3","2001","9999","9650/3"
"9653/3","2001","9999","9651/3"
"9653/3","2001","9999","9652/3"
"9653/3","2001","9999","9654/3"
"9653/3","2001","9999","9655/3"
"9653/3","2001","9999","9659/3"
"9653/3","2001","9999","9661/3"
"9653/3","2001","9999","9662/3"
"9653/3","2001","9999","9663/3"
"9653/3","2001","9999","9664/3"
"9653/3","2001","9999","9665/3"
"9653/3","2001","9999","9667/3"
"9724/3","2010","9999","9590/3"
"9724/3","2010","9999","9591/3"
"9738/3","2010","9999","9590/3"
"9738/3","2010","9999","9591/3"
"9738/3","2010","9999","9735/3"
"9965/3","2010","9999","9800/3"
"9965/3","2010","9999","9801/3"
"9965/3","2010","9999","9860/3"
"9965/3","2010","9999","9861/3"
"9661/3","2001","2009","9590/3"
"9661/3","2001","2009","9650/3"
"9661/3","2001","2009","9651/3"
"9661/3","2001","2009","9652/3"
"9661/3","2001","2009","9653/3"
"9661/3","2001","2009","9654/3"
"9661/3","2001","2009","9655/3"
"9661/3","2001","2009","9659/3"
"9661/3","2001","2009","9662/3"
"9661/3","2001","2009","9663/3"
"9661/3","2001","2009","9664/3"
"9661/3","2001","2009","9665/3"
"9661/3","2001","2009","9667/3"
"9665/3","2001","2009","9590/3"
"9665/3","2001","2009","9596/3"
"9665/3","2001","2009","9650/3"
"9665/3","2001","2009","9651/3"
"9665/3","2001","2009","9652/3"
"9665/3","2001","2009","9653/3"
"9665/3","2001","2009","9654/3"
"9665/3","2001","2009","9655/3"
"9665/3","2001","2009","9659/3"
"9665/3","2001","2009","9661/3"
"9665/3","2001","2009","9662/3"
"9665/3","2001","2009","9663/3"
"9665/3","2001","2009","9664/3"
"9665/3","2001","2009","9667/3"
"9870/3","2001","9999","9590/3"
"9870/3","2001","9999","9800/3"
"9870/3","2001","9999","9801/3"
"9870/3","2001","2009","9805/3"
"9870/3","2001","2009","9840/3"
"9870/3","2001","9999","9860/3"
"9870/3","2001","9999","9861/3"
"9870/3","2001","2009","9863/3"
"9870/3","2001","2009","9866/3"
"9870/3","2001","2009","9867/3"
"9870/3","2001","2009","9871/3"
"9870/3","2001","2009","9872/3"
"9870/3","2001","2009","9873/3"
"9870/3","2001","2009","9874/3"
"9870/3","2001","2009","9875/3"
"9870/3","2001","2009","9876/3"
"9870/3","2001","2009","9891/3"
"9870/3","2001","2009","9895/3"
"9870/3","2001","2009","9896/3"
"9870/3","2001","2009","9897/3"
"9870/3","2001","2009","9910/3"
"9870/3","2001","2009","9920/3"
"9870/3","2001","2009","9930/3"
"9870/3","2001","2009","9931/3"
"9870/3","2001","2009","9945/3"
"9870/3","2001","2009","9946/3"
"9870/3","2001","2009","9960/3"
"9870/3","2001","2009","9961/3"
"9870/3","2001","2009","9962/3"
"9870/3","2001","2009","9963/3"
"9870/3","2001","2009","9964/3"
"9870/3","2001","2009","9980/3"
"9870/3","2001","2009","9982/3"
"9870/3","2001","2009","9983/3"
"9870/3","2001","2009","9984/3"
"9870/3","2001","2009","9985/3"
"9870/3","2001","2009","9986/3"
"9870/3","2001","2009","9987/3"
"9870/3","2001","2009","9989/3"
"9871/3","2001","9999","9590/3"
"9871/3","2001","9999","9800/3"
"9871/3","2001","9999","9801/3"
"9871/3","2001","2009","9805/3"
"9871/3","2001","9999","9840/3"
"9871/3","2001","9999","9860/3"
"9871/3","2001","9999","9861/3"
"9871/3","2001","2009","9863/3"
"9871/3","2001","2009","9866/3"
"9871/3","2001","2009","9867/3"
"9871/3","2001","2009","9870/3"
"9871/3","2001","2009","9872/3"
"9871/3","2001","2009","9873/3"
"9871/3","2001","2009","9874/3"
"9871/3","2001","2009","9875/3"
"9871/3","2001","2009","9876/3"
"9871/3","2001","2009","9891/3"
"9871/3","2001","2009","9895/3"
"9871/3","2001","2009","9896/3"
"9871/3","2001","2009","9897/3"
"9871/3","2001","2009","9910/3"
"9871/3","2001","2009","9920/3"
"9871/3","2001","2009","9930/3"
"9871/3","2001","2009","9931/3"
"9871/3","2001","2009","9945/3"
"9871/3","2001","2009","9946/3"
"9871/3","2001","2009","9960/3"
"9871/3","2001","2009","9961/3"
"9871/3","2001","2009","9962/3"
"9871/3","2001","2009","9963/3"
"9871/3","2001","2009","9964/3"
"9871/3","2001","2009","9980/3"
"9871/3","2001","2009","9982/3"
"9871/3","2001","2009","9983/3"
"9871/3","2001","2009","9984/3"
"9871/3","2001","2009","9985/3"
"9871/3","2001","2009","9986/3"
"9871/3","2001","2009","9987/3"
"9871/3","2001","2009","9989/3"
"9671/3","2001","9999","9590/3"
"9671/3","2001","9999","9591/3"
"9671/3","2001","2009","9596/3"
"9671/3","2001","2009","9670/3"
"9671/3","2001","2009","9675/3"
"9671/3","2001","2009","9678/3"
"9671/3","2001","2009","9679/3"
"9671/3","2001","2009","9680/3"
"9671/3","2001","2009","9684/3"
"9671/3","2001","2009","9760/3"
"9671/3","2001","9999","9761/3"
"9671/3","2010","9999","9762/3"
"9671/3","2001","2009","9805/3"
"9671/3","2010","9999","9820/3"
"9671/3","2001","2009","9823/3"
"9671/3","2001","2009","9832/3"
"9671/3","2001","2009","9833/3"
"9837/3","2001","9999","9590/3"
"9837/3","2001","9999","9591/3"
"9837/3","2001","2009","9596/3"
"9837/3","2001","2009","9727/3"
"9837/3","2001","9999","9729/3"
"9837/3","2001","9999","9800/3"
"9837/3","2001","9999","9801/3"
"9837/3","2001","2009","9805/3"
"9837/3","2001","9999","9820/3"
"9837/3","2001","2009","9835/3"
"9650/3","2001","9999","9590/3"
"9650/3","2001","2009","9596/3"
"9650/3","2001","9999","9651/3"
"9650/3","2001","9999","9652/3"
"9650/3","2001","9999","9653/3"
"9650/3","2001","9999","9654/3"
"9650/3","2001","9999","9655/3"
"9650/3","2001","9999","9659/3"
"9650/3","2001","9999","9661/3"
"9650/3","2001","9999","9662/3"
"9650/3","2001","9999","9663/3"
"9650/3","2001","9999","9664/3"
"9650/3","2001","9999","9665/3"
"9650/3","2001","9999","9667/3"
"9866/3","2001","9999","9590/3"
"9866/3","2001","9999","9800/3"
"9866/3","2001","9999","9801/3"
"9866/3","2001","2009","9805/3"
"9866/3","2001","9999","9840/3"
"9866/3","2001","9999","9860/3"
"9866/3","2001","9999","9861/3"
"9866/3","2001","2009","9863/3"
"9866/3","2001","2009","9867/3"
"9866/3","2001","2009","9870/3"
"9866/3","2001","2009","9871/3"
"9866/3","2001","2009","9872/3"
"9866/3","2001","2009","9873/3"
"9866/3","2001","2009","9874/3"
"9866/3","2001","2009","9875/3"
"9866/3","2001","2009","9876/3"
"9866/3","2001","2009","9891/3"
"9866/3","2001","2009","9895/3"
"9866/3","2001","2009","9896/3"
"9866/3","2001","2009","9897/3"
"9866/3","2001","2009","9910/3"
"9866/3","2001","2009","9920/3"
"9866/3","2001","2009","9930/3"
"9866/3","2001","2009","9931/3"
"9866/3","2001","2009","9945/3"
"9866/3","2001","2009","9946/3"
"9866/3","2001","2009","9960/3"
"9866/3","2001","2009","9961/3"
"9866/3","2001","2009","9962/3"
"9866/3","2001","2009","9963/3"
"9866/3","2001","2009","9964/3"
"9866/3","2001","2009","9980/3"
"9866/3","2001","2009","9982/3"
"9866/3","2001","2009","9983/3"
"9866/3","2001","2009","9984/3"
"9866/3","2001","2009","9985/3"
"9866/3","2001","2009","9986/3"
"9866/3","2001","2009","9987/3"
"9866/3","2001","2009","9989/3"
"9750/3","2001","2009","9590/3"
"9750/3","2010","2009","9751/3"
"9750/3","2001","2009","9754/3"
"9750/3","2001","2009","9755/3"
"9750/3","2001","2009","9756/3"
"9699/3","2001","9999","9590/3"
"9699/3","2001","9999","9591/3"
"9699/3","2001","2009","9596/3"
"9699/3","2001","2009","9689/3"
"9699/3","2001","2009","9805/3"
"9678/3","2001","9999","9590/3"
"9678/3","2001","9999","9591/3"
"9678/3","2001","2009","9596/3"
"9678/3","2001","2009","9670/3"
"9678/3","2001","2009","9671/3"
"9678/3","2001","2009","9675/3"
"9678/3","2001","2009","9679/3"
"9678/3","2001","2009","9680/3"
"9678/3","2001","2009","9684/3"
"9678/3","2001","2009","9687/3"
"9678/3","2001","2009","9690/3"
"9678/3","2001","2009","9691/3"
"9678/3","2001","2009","9695/3"
"9678/3","2001","2009","9698/3"
"9678/3","2001","2009","9760/3"
"9678/3","2001","2009","9761/3"
"9678/3","2001","2009","9762/3"
"9678/3","2001","2009","9764/3"
"9678/3","2001","2009","9805/3"
"9678/3","2001","2009","9820/3"
"9678/3","2001","2009","9823/3"
"9678/3","2001","2009","9832/3"
"9678/3","2001","2009","9833/3"
"9729/3","2001","2009","9590/3"
"9729/3","2001","2009","9591/3"
"9729/3","2001","2009","9596/3"
"9729/3","2001","2009","9727/3"
"9729/3","2001","2009","9728/3"
"9729/3","2001","2009","9800/3"
"9729/3","2001","2009","9801/3"
"9729/3","2001","2009","9805/3"
"9729/3","2001","2009","9820/3"
"9729/3","2001","2009","9835/3"
"9729/3","2001","2009","9836/3"
"9729/3","2001","2009","9837/3"
"9891/3","2001","9999","9590/3"
"9891/3","2001","9999","9800/3"
"9891/3","2001","9999","9801/3"
"9891/3","2001","2009","9805/3"
"9891/3","2001","2009","9840/3"
"9891/3","2001","9999","9860/3"
"9891/3","2001","9999","9861/3"
"9891/3","2001","2009","9863/3"
"9891/3","2001","2009","9866/3"
"9891/3","2001","2009","9867/3"
"9891/3","2001","2009","9870/3"
"9891/3","2001","2009","9871/3"
"9891/3","2001","2009","9872/3"
"9891/3","2001","2009","9873/3"
"9891/3","2001","2009","9874/3"
"9891/3","2001","2009","9875/3"
"9891/3","2001","2009","9876/3"
"9891/3","2001","2009","9895/3"
"9891/3","2001","2009","9896/3"
"9891/3","2001","2009","9897/3"
"9891/3","2001","2009","9910/3"
"9891/3","2001","2009","9920/3"
"9891/3","2001","2009","9930/3"
"9891/3","2001","2009","9931/3"
"9891/3","2001","2009","9945/3"
"9891/3","2001","2009","9946/3"
"9891/3","2001","2009","9960/3"
"9891/3","2001","2009","9961/3"
"9891/3","2001","2009","9962/3"
"9891/3","2001","2009","9963/3"
"9891/3","2001","2009","9964/3"
"9891/3","2001","2009","9980/3"
"9891/3","2001","2009","9982/3"
"9891/3","2001","2009","9983/3"
"9891/3","2001","2009","9984/3"
"9891/3","2001","2009","9985/3"
"9891/3","2001","2009","9986/3"
"9891/3","2001","2009","9987/3"
"9891/3","2001","2009","9989/3"
"9663/3","2001","9999","9590/3"
"9663/3","2001","2009","9596/3"
"9663/3","2001","9999","9650/3"
"9663/3","2001","9999","9651/3"
"9663/3","2001","9999","9652/3"
"9663/3","2001","9999","9653/3"
"9663/3","2001","9999","9654/3"
"9663/3","2001","9999","9655/3"
"9663/3","2001","9999","9659/3"
"9663/3","2001","9999","9661/3"
"9663/3","2001","9999","9662/3"
"9663/3","2001","9999","9664/3"
"9663/3","2001","9999","9665/3"
"9663/3","2001","9999","9667/3"
"9875/3","2001","2009","9590/3"
"9875/3","2001","9999","9800/3"
"9875/3","2001","2009","9801/3"
"9875/3","2001","2009","9805/3"
"9875/3","2001","2009","9840/3"
"9875/3","2001","2009","9860/3"
"9875/3","2001","2009","9861/3"
"9875/3","2001","9999","9863/3"
"9875/3","2001","2009","9866/3"
"9875/3","2001","2009","9867/3"
"9875/3","2001","2009","9870/3"
"9875/3","2001","2009","9871/3"
"9875/3","2001","2009","9872/3"
"9875/3","2001","2009","9873/3"
"9875/3","2001","2009","9874/3"
"9875/3","2001","2009","9876/3"
"9875/3","2001","2009","9891/3"
"9875/3","2001","2009","9895/3"
"9875/3","2001","2009","9896/3"
"9875/3","2001","2009","9897/3"
"9875/3","2001","2009","9910/3"
"9875/3","2001","2009","9920/3"
"9875/3","2001","2009","9930/3"
"9875/3","2001","2009","9931/3"
"9875/3","2001","2009","9945/3"
"9875/3","2001","2009","9946/3"
"9875/3","2001","9999","9960/3"
"9875/3","2001","2009","9961/3"
"9875/3","2001","2009","9962/3"
"9875/3","2001","2009","9963/3"
"9875/3","2001","2009","9964/3"
"9875/3","2010","9999","9975/3"
"9875/3","2001","2009","9980/3"
"9875/3","2001","2009","9982/3"
"9875/3","2001","2009","9983/3"
"9875/3","2001","2009","9984/3"
"9875/3","2001","2009","9985/3"
"9875/3","2001","2009","9986/3"
"9875/3","2001","2009","9987/3"
"9875/3","2001","2009","9989/3"
"9876/3","2001","2009","9590/3"
"9876/3","2001","9999","9800/3"
"9876/3","2001","2009","9801/3"
"9876/3","2001","2009","9805/3"
"9876/3","2001","2009","9840/3"
"9876/3","2001","9999","9860/3"
"9876/3","2001","2009","9861/3"
"9876/3","2001","9999","9863/3"
"9876/3","2001","2009","9866/3"
"9876/3","2001","2009","9867/3"
"9876/3","2001","2009","9870/3"
"9876/3","2001","2009","9871/3"
"9876/3","2001","2009","9872/3"
"9876/3","2001","2009","9873/3"
"9876/3","2001","2009","9874/3"
"9876/3","2001","2009","9875/3"
"9876/3","2001","2009","9891/3"
"9876/3","2001","2009","9895/3"
"9876/3","2001","2009","9896/3"
"9876/3","2001","2009","9897/3"
"9876/3","2001","2009","9910/3"
"9876/3","2001","2009","9920/3"
"9876/3","2001","2009","9930/3"
"9876/3","2001","2009","9931/3"
"9876/3","2001","2009","9945/3"
"9876/3","2001","2009","9946/3"
"9876/3","2001","9999","9960/3"
"9876/3","2001","2009","9961/3"
"9876/3","2001","2009","9962/3"
"9876/3","2001","2009","9963/3"
"9876/3","2001","2009","9964/3"
"9876/3","2010","9999","9975/3"
"9876/3","2001","2009","9980/3"
"9876/3","2001","2009","9982/3"
"9876/3","2001","2009","9983/3"
"9876/3","2001","2009","9984/3"
"9876/3","2001","2009","9985/3"
"9876/3","2001","2009","9986/3"
"9876/3","2001","2009","9987/3"
"9876/3","2001","2009","9989/3"
"9664/3","2001","2009","9590/3"
"9664/3","2001","2009","9596/3"
"9664/3","2001","2009","9650/3"
"9664/3","2001","2009","9651/3"
"9664/3","2001","2009","9652/3"
"9664/3","2001","2009","9653/3"
"9664/3","2001","2009","9654/3"
"9664/3","2001","2009","9655/3"
"9664/3","2001","2009","9659/3"
"9664/3","2001","2009","9661/3"
"9664/3","2001","2009","9662/3"
"9664/3","2001","2009","9663/3"
"9664/3","2001","2009","9665/3"
"9664/3","2001","2009","9667/3"
"9670/3","2001","2009","9590/3"
"9670/3","2001","2009","9591/3"
"9670/3","2001","2009","9596/3"
"9670/3","2001","2009","9671/3"
"9670/3","2001","2009","9675/3"
"9670/3","2001","2009","9678/3"
"9670/3","2001","2009","9679/3"
"9670/3","2001","2009","9680/3"
"9670/3","2001","2009","9684/3"
"9670/3","2001","2009","9760/3"
"9670/3","2001","2009","9761/3"
"9670/3","2001","2009","9800/3"
"9670/3","2001","2009","9805/3"
"9670/3","2001","2009","9820/3"
"9670/3","2001","2009","9823/3"
"9670/3","2001","2009","9832/3"
"9670/3","2001","2009","9833/3"
"9896/3","2001","9999","9590/3"
"9896/3","2001","9999","9800/3"
"9896/3","2001","9999","9801/3"
"9896/3","2001","2009","9805/3"
"9896/3","2001","9999","9840/3"
"9896/3","2001","9999","9860/3"
"9896/3","2001","9999","9861/3"
"9896/3","2001","2009","9863/3"
"9896/3","2001","2009","9866/3"
"9896/3","2001","2009","9867/3"
"9896/3","2001","2009","9870/3"
"9896/3","2001","2009","9871/3"
"9896/3","2001","2009","9872/3"
"9896/3","2001","2009","9873/3"
"9896/3","2001","2009","9874/3"
"9896/3","2001","2009","9875/3"
"9896/3","2001","2009","9876/3"
"9896/3","2001","2009","9891/3"
"9896/3","2001","2009","9895/3"
"9896/3","2001","2009","9897/3"
"9896/3","2001","2009","9910/3"
"9896/3","2001","2009","9920/3"
"9896/3","2001","2009","9930/3"
"9896/3","2001","2009","9931/3"
"9896/3","2001","2009","9945/3"
"9896/3","2001","2009","9946/3"
"9896/3","2001","2009","9960/3"
"9896/3","2001","2009","9961/3"
"9896/3","2001","2009","9962/3"
"9896/3","2001","2009","9963/3"
"9896/3","2001","2009","9964/3"
"9896/3","2001","2009","9980/3"
"9896/3","2001","2009","9982/3"
"9896/3","2001","2009","9983/3"
"9896/3","2001","2009","9984/3"
"9896/3","2001","2009","9985/3"
"9896/3","2001","2009","9986/3"
"9896/3","2001","2009","9987/3"
"9896/3","2001","2009","9989/3"
"9597/3","2010","9999","9590/3"
"9597/3","2010","9999","9591/3"
"9895/3","2001","9999","9590/3"
"9895/3","2001","9999","9800/3"
"9895/3","2001","9999","9801/3"
"9895/3","2001","2009","9805/3"
"9895/3","2001","9999","9840/3"
"9895/3","2001","9999","9860/3"
"9895/3","2001","9999","9861/3"
"9895/3","2001","2009","9863/3"
"9895/3","2001","2009","9866/3"
"9895/3","2001","2009","9867/3"
"9895/3","2001","2009","9870/3"
"9895/3","2001","2009","9871/3"
"9895/3","2001","2009","9872/3"
"9895/3","2001","2009","9873/3"
"9895/3","2001","2009","9874/3"
"9895/3","2001","2009","9875/3"
"9895/3","2001","2009","9876/3"
"9895/3","2001","2009","9891/3"
"9895/3","2001","2009","9896/3"
"9895/3","2001","2009","9897/3"
"9895/3","2001","2009","9910/3"
"9895/3","2001","2009","9920/3"
"9895/3","2001","2009","9930/3"
"9895/3","2001","2009","9931/3"
"9895/3","2001","2009","9945/3"
"9895/3","2001","2009","9946/3"
"9895/3","2001","2009","9960/3"
"9895/3","2001","2009","9961/3"
"9895/3","2001","2009","9962/3"
"9895/3","2001","2009","9963/3"
"9895/3","2001","2009","9964/3"
"9895/3","2001","2009","9980/3"
"9895/3","2001","2009","9982/3"
"9895/3","2001","2009","9983/3"
"9895/3","2001","2009","9984/3"
"9895/3","2001","2009","9985/3"
"9895/3","2001","2009","9986/3"
"9895/3","2001","2009","9987/3"
"9895/3","2001","2009","9989/3"
"9960/3","2010","2009","9740/3"
"9960/3","2010","2009","9741/3"
"9960/3","2010","2009","9742/3"
"9960/3","2001","2009","9800/3"
"9960/3","2001","2009","9801/3"
"9960/3","2001","2009","9805/3"
"9960/3","2001","2009","9840/3"
"9960/3","2001","2009","9860/3"
"9960/3","2001","2009","9861/3"
"9960/3","2001","2009","9863/3"
"9960/3","2001","2009","9866/3"
"9960/3","2001","2009","9867/3"
"9960/3","2001","2009","9870/3"
"9960/3","2001","2009","9871/3"
"9960/3","2001","2009","9872/3"
"9960/3","2001","2009","9873/3"
"9960/3","2001","2009","9874/3"
"9960/3","2001","2009","9875/3"
"9960/3","2001","2009","9876/3"
"9960/3","2001","2009","9891/3"
"9960/3","2001","2009","9895/3"
"9960/3","2001","2009","9896/3"
"9960/3","2001","2009","9897/3"
"9960/3","2001","2009","9910/3"
"9960/3","2001","2009","9920/3"
"9960/3","2001","2009","9930/3"
"9960/3","2001","2009","9931/3"
"9960/3","2001","2009","9945/3"
"9960/3","2010","2009","9946/3"
"9960/3","2010","2009","9950/3"
"9960/3","2001","2009","9961/3"
"9960/3","2001","2009","9962/3"
"9960/3","2001","2009","9963/3"
"9960/3","2010","2009","9964/3"
"9960/3","2010","2009","9975/3"
"9960/3","2010","2009","9982/3"
"9816/3","2010","9999","9590/3"
"9816/3","2010","9999","9591/3"
"9816/3","2010","9999","9728/3"
"9816/3","2010","9999","9800/3"
"9816/3","2010","9999","9801/3"
"9816/3","2010","9999","9811/3"
"9816/3","2010","9999","9820/3"
"9816/3","2010","9999","9835/3"
"9816/3","2010","9999","9836/3"
"9872/3","2001","9999","9590/3"
"9872/3","2001","9999","9800/3"
"9872/3","2001","9999","9801/3"
"9872/3","2001","2009","9805/3"
"9872/3","2001","2009","9840/3"
"9872/3","2001","9999","9860/3"
"9872/3","2001","9999","9861/3"
"9872/3","2001","2009","9863/3"
"9872/3","2001","2009","9866/3"
"9872/3","2001","2009","9867/3"
"9872/3","2001","2009","9870/3"
"9872/3","2001","2009","9871/3"
"9872/3","2001","2009","9873/3"
"9872/3","2001","2009","9874/3"
"9872/3","2001","2009","9875/3"
"9872/3","2001","2009","9876/3"
"9872/3","2001","2009","9891/3"
"9872/3","2001","2009","9895/3"
"9872/3","2001","2009","9896/3"
"9872/3","2001","2009","9897/3"
"9872/3","2001","2009","9910/3"
"9872/3","2001","2009","9920/3"
"9872/3","2001","2009","9930/3"
"9872/3","2001","2009","9931/3"
"9872/3","2001","2009","9945/3"
"9872/3","2001","2009","9946/3"
"9872/3","2001","2009","9960/3"
"9872/3","2001","2009","9961/3"
"9872/3","2001","2009","9962/3"
"9872/3","2001","2009","9963/3"
"9872/3","2001","2009","9964/3"
"9872/3","2001","2009","9980/3"
"9872/3","2001","2009","9982/3"
"9872/3","2001","2009","9983/3"
"9872/3","2001","2009","9984/3"
"9872/3","2001","2009","9985/3"
"9872/3","2001","2009","9986/3"
"9872/3","2001","2009","9987/3"
"9872/3","2001","2009","9989/3"
"9961/3","2001","2009","9800/3"
"9961/3","2001","2009","9801/3"
"9961/3","2001","2009","9805/3"
"9961/3","2001","2009","9840/3"
"9961/3","2001","2009","9860/3"
"9961/3","2001","2009","9861/3"
"9961/3","2001","9999","9863/3"
"9961/3","2001","2009","9866/3"
"9961/3","2001","2009","9867/3"
"9961/3","2001","2009","9870/3"
"9961/3","2001","2009","9871/3"
"9961/3","2001","2009","9872/3"
"9961/3","2001","2009","9873/3"
"9961/3","2001","2009","9874/3"
"9961/3","2001","2009","9875/3"
"9961/3","2001","2009","9876/3"
"9961/3","2001","2009","9891/3"
"9961/3","2001","2009","9895/3"
"9961/3","2001","2009","9896/3"
"9961/3","2001","2009","9897/3"
"9961/3","2001","2009","9910/3"
"9961/3","2001","2009","9920/3"
"9961/3","2001","2009","9930/3"
"9961/3","2001","2009","9931/3"
"9961/3","2001","2009","9945/3"
"9961/3","2001","2009","9946/3"
"9961/3","2001","2009","9950/3"
"9961/3","2001","9999","9960/3"
"9961/3","2001","2009","9962/3"
"9961/3","2001","2009","9963/3"
"9961/3","2001","2009","9964/3"
"9961/3","2010","9999","9975/3"
"9961/3","2001","2009","9980/3"
"9961/3","2001","2009","9982/3"
"9961/3","2001","2009","9983/3"
"9961/3","2001","2009","9984/3"
"9961/3","2001","2009","9985/3"
"9961/3","2001","2009","9986/3"
"9961/3","2001","2009","9987/3"
"9961/3","2001","2009","9989/3"
"9984/3","2001","2009","9800/3"
"9984/3","2001","2009","9801/3"
"9984/3","2001","2009","9805/3"
"9984/3","2001","2009","9840/3"
"9984/3","2001","2009","9860/3"
"9984/3","2001","2009","9861/3"
"9984/3","2001","2009","9863/3"
"9984/3","2001","2009","9866/3"
"9984/3","2001","2009","9867/3"
"9984/3","2001","2009","9870/3"
"9984/3","2001","2009","9871/3"
"9984/3","2001","2009","9872/3"
"9984/3","2001","2009","9873/3"
"9984/3","2001","2009","9874/3"
"9984/3","2001","2009","9875/3"
"9984/3","2001","2009","9876/3"
"9984/3","2001","2009","9891/3"
"9984/3","2001","2009","9895/3"
"9984/3","2001","2009","9896/3"
"9984/3","2001","2009","9897/3"
"9984/3","2001","2009","9910/3"
"9984/3","2001","2009","9920/3"
"9984/3","2001","2009","9930/3"
"9984/3","2001","2009","9931/3"
"9984/3","2001","2009","9945/3"
"9984/3","2001","2009","9946/3"
"9984/3","2001","2009","9961/3"
"9984/3","2001","2009","9980/3"
"9984/3","2001","2009","9982/3"
"9984/3","2001","2009","9983/3"
"9984/3","2001","2009","9985/3"
"9984/3","2001","2009","9986/3"
"9984/3","2001","2009","9987/3"
"9984/3","2001","2009","9989/3"
"9984/3","2010","2009","9991/3"
"9984/3","2010","2009","9992/3"
"9984/3","2021","2009","9993/3"
"9667/3","2001","2009","9590/3"
"9667/3","2001","2009","9596/3"
"9667/3","2001","2009","9650/3"
"9667/3","2001","2009","9651/3"
"9667/3","2001","2009","9652/3"
"9667/3","2001","2009","9653/3"
"9667/3","2001","2009","9654/3"
"9667/3","2001","2009","9655/3"
"9667/3","2001","2009","9659/3"
"9667/3","2001","2009","9661/3"
"9667/3","2001","2009","9662/3"
"9667/3","2001","2009","9663/3"
"9667/3","2001","2009","9664/3"
"9667/3","2001","2009","9665/3"
"9818/3","2010","9999","9590/3"
"9818/3","2010","9999","9591/3"
"9818/3","2010","9999","9728/3"
"9818/3","2010","9999","9800/3"
"9818/3","2010","9999","9801/3"
"9818/3","2010","9999","9811/3"
"9818/3","2010","9999","9820/3"
"9818/3","2010","9999","9835/3"
"9818/3","2010","9999","9836/3"
"9817/3","2010","9999","9590/3"
"9817/3","2010","9999","9591/3"
"9817/3","2010","9999","9728/3"
"9817/3","2010","9999","9800/3"
"9817/3","2010","9999","9801/3"
"9817/3","2010","9999","9811/3"
"9817/3","2010","9999","9820/3"
"9817/3","2010","9999","9835/3"
"9817/3","2010","9999","9836/3"
"9874/3","2001","9999","9590/3"
"9874/3","2001","9999","9800/3"
"9874/3","2001","9999","9801/3"
"9874/3","2001","2009","9805/3"
"9874/3","2001","2009","9840/3"
"9874/3","2001","9999","9860/3"
"9874/3","2001","9999","9861/3"
"9874/3","2001","2009","9863/3"
"9874/3","2001","2009","9866/3"
"9874/3","2001","2009","9867/3"
"9874/3","2001","2009","9870/3"
"9874/3","2001","2009","9871/3"
"9874/3","2001","2009","9872/3"
"9874/3","2001","2009","9873/3"
"9874/3","2001","2009","9875/3"
"9874/3","2001","2009","9876/3"
"9874/3","2001","2009","9891/3"
"9874/3","2001","2009","9895/3"
"9874/3","2001","2009","9896/3"
"9874/3","2001","2009","9897/3"
"9874/3","2001","2009","9910/3"
"9874/3","2001","2009","9920/3"
"9874/3","2001","2009","9930/3"
"9874/3","2001","2009","9931/3"
"9874/3","2001","2009","9945/3"
"9874/3","2001","2009","9946/3"
"9874/3","2001","2009","9960/3"
"9874/3","2001","2009","9961/3"
"9874/3","2001","2009","9962/3"
"9874/3","2001","2009","9963/3"
"9874/3","2001","2009","9964/3"
"9874/3","2001","2009","9980/3"
"9874/3","2001","2009","9982/3"
"9874/3","2001","2009","9983/3"
"9874/3","2001","2009","9984/3"
"9874/3","2001","2009","9985/3"
"9874/3","2001","2009","9986/3"
"9874/3","2001","2009","9987/3"
"9874/3","2001","2009","9989/3"
"9873/3","2001","9999","9590/3"
"9873/3","2001","9999","9800/3"
"9873/3","2001","9999","9801/3"
"9873/3","2001","2009","9805/3"
"9873/3","2001","2009","9840/3"
"9873/3","2001","9999","9860/3"
"9873/3","2001","9999","9861/3"
"9873/3","2001","2009","9863/3"
"9873/3","2001","2009","9866/3"
"9873/3","2001","2009","9867/3"
"9873/3","2001","2009","9870/3"
"9873/3","2001","2009","9871/3"
"9873/3","2001","2009","9872/3"
"9873/3","2001","2009","9874/3"
"9873/3","2001","2009","9875/3"
"9873/3","2001","2009","9876/3"
"9873/3","2001","2009","9891/3"
"9873/3","2001","2009","9895/3"
"9873/3","2001","2009","9896/3"
"9873/3","2001","2009","9897/3"
"9873/3","2001","2009","9910/3"
"9873/3","2001","2009","9920/3"
"9873/3","2001","2009","9930/3"
"9873/3","2001","2009","9931/3"
"9873/3","2001","2009","9945/3"
"9873/3","2001","2009","9946/3"
"9873/3","2001","2009","9960/3"
"9873/3","2001","2009","9961/3"
"9873/3","2001","2009","9962/3"
"9873/3","2001","2009","9963/3"
"9873/3","2001","2009","9964/3"
"9873/3","2001","2009","9980/3"
"9873/3","2001","2009","9982/3"
"9873/3","2001","2009","9983/3"
"9873/3","2001","2009","9984/3"
"9873/3","2001","2009","9985/3"
"9873/3","2001","2009","9986/3"
"9873/3","2001","2009","9987/3"
"9873/3","2001","2009","9989/3"
"9827/3","2001","9999","9590/3"
"9827/3","2001","9999","9591/3"
"9827/3","2001","2009","9596/3"
"9827/3","2010","9999","9702/3"
"9827/3","2001","9999","9800/3"
"9827/3","2001","9999","9801/3"
"9827/3","2001","2009","9805/3"
"9827/3","2001","9999","9820/3"
"9827/3","2001","2009","9834/3"
"9940/3","2001","2009","9590/3"
"9940/3","2010","9999","9800/3"
"9940/3","2010","9999","9801/3"
"9940/3","2001","2009","9805/3"
"9940/3","2001","2009","9820/3"
"9840/3","2001","9999","9590/3"
"9840/3","2001","9999","9800/3"
"9840/3","2001","9999","9801/3"
"9840/3","2001","2009","9805/3"
"9840/3","2001","9999","9860/3"
"9840/3","2001","9999","9861/3"
"9840/3","2001","2009","9863/3"
"9840/3","2001","9999","9866/3"
"9840/3","2001","2009","9867/3"
"9840/3","2001","2009","9870/3"
"9840/3","2001","9999","9871/3"
"9840/3","2001","2009","9872/3"
"9840/3","2001","2009","9873/3"
"9840/3","2001","2009","9874/3"
"9840/3","2001","2009","9875/3"
"9840/3","2001","2009","9876/3"
"9840/3","2001","2009","9891/3"
"9840/3","2001","9999","9895/3"
"9840/3","2001","9999","9896/3"
"9840/3","2001","9999","9897/3"
"9840/3","2001","2009","9910/3"
"9840/3","2001","2009","9920/3"
"9840/3","2001","2009","9930/3"
"9840/3","2001","2009","9931/3"
"9840/3","2001","2009","9945/3"
"9840/3","2001","2009","9946/3"
"9840/3","2001","2009","9960/3"
"9840/3","2001","2009","9961/3"
"9840/3","2001","2009","9962/3"
"9840/3","2001","2009","9963/3"
"9840/3","2001","2009","9964/3"
"9840/3","2001","2009","9980/3"
"9840/3","2001","2009","9982/3"
"9840/3","2001","2009","9983/3"
"9840/3","2001","2009","9984/3"
"9840/3","2001","2009","9985/3"
"9840/3","2001","2009","9986/3"
"9840/3","2001","2009","9987/3"
"9840/3","2001","2009","9989/3"
"9985/3","2001","9999","9800/3"
"9985/3","2001","2009","9801/3"
"9985/3","2001","2009","9805/3"
"9985/3","2001","2009","9840/3"
"9985/3","2001","2009","9860/3"
"9985/3","2001","2009","9861/3"
"9985/3","2001","2009","9863/3"
"9985/3","2001","2009","9866/3"
"9985/3","2001","2009","9867/3"
"9985/3","2001","2009","9870/3"
"9985/3","2001","2009","9871/3"
"9985/3","2001","2009","9872/3"
"9985/3","2001","2009","9873/3"
"9985/3","2001","2009","9874/3"
"9985/3","2001","2009","9875/3"
"9985/3","2001","2009","9876/3"
"9985/3","2001","2009","9891/3"
"9985/3","2001","2009","9895/3"
"9985/3","2001","2009","9896/3"
"9985/3","2001","2009","9897/3"
"9985/3","2001","2009","9910/3"
"9985/3","2001","2009","9920/3"
"9985/3","2001","2009","9930/3"
"9985/3","2001","2009","9931/3"
"9985/3","2001","2009","9945/3"
"9985/3","2001","2009","9946/3"
"9985/3","2001","2009","9961/3"
"9985/3","2001","9999","9980/3"
"9985/3","2001","9999","9982/3"
"9985/3","2001","9999","9983/3"
"9985/3","2001","9999","9984/3"
"9985/3","2001","9999","9986/3"
"9985/3","2001","2009","9987/3"
"9985/3","2001","9999","9989/3"
"9985/3","2010","9999","9991/3"
"9985/3","2010","9999","9992/3"
"9985/3","2021","9999","9993/3"
"9826/3","2001","2009","9590/3"
"9826/3","2001","2009","9591/3"
"9826/3","2001","2009","9596/3"
"9826/3","2001","2009","9687/3"
"9826/3","2001","9999","9800/3"
"9826/3","2001","9999","9801/3"
"9826/3","2001","2009","9805/3"
"9826/3","2001","2009","9820/3"
"9948/3","2001","9999","9590/3"
"9948/3","2001","2009","9591/3"
"9948/3","2001","2009","9702/3"
"9948/3","2001","2009","9705/3"
"9948/3","2001","2009","9708/3"
"9948/3","2001","2009","9709/3"
"9948/3","2001","2009","9714/3"
"9948/3","2001","2009","9716/3"
"9948/3","2001","2009","9717/3"
"9948/3","2001","2009","9718/3"
"9948/3","2001","2009","9719/3"
"9948/3","2010","9999","9800/3"
"9948/3","2010","9999","9801/3"
"9948/3","2001","2009","9805/3"
"9948/3","2001","9999","9820/3"
"9733/3","2001","2009","9590/3"
"9733/3","2001","2009","9731/3"
"9733/3","2001","2009","9732/3"
"9733/3","2001","2009","9734/3"
"9946/3","2001","2009","9590/3"
"9946/3","2001","9999","9800/3"
"9946/3","2001","9999","9801/3"
"9946/3","2001","2009","9805/3"
"9946/3","2001","2009","9840/3"
"9946/3","2001","2009","9860/3"
"9946/3","2001","2009","9861/3"
"9946/3","2001","9999","9863/3"
"9946/3","2001","2009","9866/3"
"9946/3","2001","2009","9867/3"
"9946/3","2001","2009","9870/3"
"9946/3","2001","2009","9871/3"
"9946/3","2001","2009","9872/3"
"9946/3","2001","2009","9873/3"
"9946/3","2001","2009","9874/3"
"9946/3","2001","2009","9875/3"
"9946/3","2001","2009","9876/3"
"9946/3","2001","2009","9891/3"
"9946/3","2001","2009","9895/3"
"9946/3","2001","2009","9896/3"
"9946/3","2001","2009","9897/3"
"9946/3","2001","2009","9910/3"
"9946/3","2001","2009","9920/3"
"9946/3","2001","2009","9930/3"
"9946/3","2001","2009","9931/3"
"9946/3","2001","2009","9945/3"
"9946/3","2010","9999","9960/3"
"9946/3","2001","2009","9961/3"
"9946/3","2001","2009","9964/3"
"9946/3","2010","9999","9975/3"
"9946/3","2001","2009","9980/3"
"9946/3","2001","2009","9982/3"
"9946/3","2001","2009","9983/3"
"9946/3","2001","2009","9984/3"
"9946/3","2001","2009","9985/3"
"9946/3","2001","2009","9986/3"
"9946/3","2001","2009","9987/3"
"9946/3","2001","2009","9989/3"
"9806/3","2010","9999","9800/3"
"9806/3","2010","9999","9801/3"
"9806/3","2010","9999","9805/3"
"9806/3","2010","9999","9860/3"
"9806/3","2010","9999","9861/3"
"9945/3","2001","2009","9590/3"
"9945/3","2001","9999","9800/3"
"9945/3","2001","2009","9801/3"
"9945/3","2001","2009","9805/3"
"9945/3","2001","2009","9840/3"
"9945/3","2001","2009","9860/3"
"9945/3","2001","2009","9861/3"
"9945/3","2001","9999","9863/3"
"9945/3","2001","2009","9866/3"
"9945/3","2001","2009","9867/3"
"9945/3","2001","2009","9870/3"
"9945/3","2001","2009","9871/3"
"9945/3","2001","2009","9872/3"
"9945/3","2001","2009","9873/3"
"9945/3","2001","2009","9874/3"
"9945/3","2001","2009","9875/3"
"9945/3","2001","2009","9876/3"
"9945/3","2001","2009","9891/3"
"9945/3","2001","2009","9895/3"
"9945/3","2001","2009","9896/3"
"9945/3","2001","2009","9897/3"
"9945/3","2001","2009","9910/3"
"9945/3","2001","2009","9920/3"
"9945/3","2001","2009","9930/3"
"9945/3","2001","2009","9931/3"
"9945/3","2001","2009","9946/3"
"9945/3","2001","9999","9960/3"
"9945/3","2001","2009","9961/3"
"9945/3","2001","2009","9962/3"
"9945/3","2001","2009","9963/3"
"9945/3","2001","2009","9964/3"
"9945/3","2010","9999","9975/3"
"9945/3","2001","2009","9980/3"
"9945/3","2001","2009","9982/3"
"9945/3","2001","2009","9983/3"
"9945/3","2001","2009","9984/3"
"9945/3","2001","2009","9985/3"
"9945/3","2001","2009","9986/3"
"9945/3","2001","2009","9987/3"
"9945/3","2001","2009","9989/3"
"9811/3","2010","9999","9590/3"
"9811/3","2010","9999","9591/3"
"9811/3","2010","9999","9728/3"
"9811/3","2010","9999","9800/3"
"9811/3","2010","9999","9801/3"
"9811/3","2010","9999","9812/3"
"9811/3","2010","9999","9813/3"
"9811/3","2010","9999","9814/3"
"9811/3","2010","9999","9815/3"
"9811/3","2010","9999","9816/3"
"9811/3","2010","9999","9817/3"
"9811/3","2010","9999","9818/3"
"9811/3","2021","9999","9819/3"
"9811/3","2010","9999","9820/3"
"9811/3","2010","9999","9835/3"
"9811/3","2010","9999","9836/3"
"9809/3","2010","9999","9800/3"
"9809/3","2010","9999","9801/3"
"9809/3","2010","9999","9805/3"
"9809/3","2010","9999","9860/3"
"9809/3","2010","9999","9861/3"
"9758/3","2001","2009","9590/3"
"9758/3","2001","2009","9591/3"
"9758/3","2001","9999","9757/3"
"9758/3","2010","9999","9759/3"
"9912/3","2021","9999","9800/3"
"9912/3","2021","9999","9801/3"
"9912/3","2021","9999","9860/3"
"9912/3","2021","9999","9861/3"
"9805/3","2001","2009","9590/3"
"9805/3","2001","2009","9591/3"
"9805/3","2001","2009","9670/3"
"9805/3","2001","2009","9671/3"
"9805/3","2001","2009","9673/3"
"9805/3","2001","2009","9675/3"
"9805/3","2001","2009","9678/3"
"9805/3","2001","2009","9679/3"
"9805/3","2001","2009","9680/3"
"9805/3","2001","2009","9684/3"
"9805/3","2001","2009","9687/3"
"9805/3","2001","2009","9689/3"
"9805/3","2001","2009","9690/3"
"9805/3","2001","2009","9691/3"
"9805/3","2001","2009","9695/3"
"9805/3","2001","2009","9698/3"
"9805/3","2001","2009","9699/3"
"9805/3","2001","2009","9700/3"
"9805/3","2001","2009","9701/3"
"9805/3","2001","2009","9702/3"
"9805/3","2001","2009","9705/3"
"9805/3","2001","2009","9708/3"
"9805/3","2001","2009","9709/3"
"9805/3","2001","2009","9714/3"
"9805/3","2001","2009","9716/3"
"9805/3","2001","2009","9717/3"
"9805/3","2001","2009","9718/3"
"9805/3","2001","2009","9719/3"
"9805/3","2001","2009","9727/3"
"9805/3","2001","2009","9728/3"
"9805/3","2001","2009","9729/3"
"9805/3","2001","2009","9800/3"
"9805/3","2001","2009","9801/3"
"9805/3","2010","2009","9806/3"
"9805/3","2010","2009","9807/3"
"9805/3","2010","2009","9808/3"
"9805/3","2010","2009","9809/3"
"9805/3","2001","2009","9820/3"
"9805/3","2001","2009","9823/3"
"9805/3","2001","2009","9826/3"
"9805/3","2001","2009","9827/3"
"9805/3","2001","2009","9832/3"
"9805/3","2001","2009","9833/3"
"9805/3","2001","2009","9834/3"
"9805/3","2001","2009","9835/3"
"9805/3","2001","2009","9836/3"
"9805/3","2001","2009","9837/3"
"9805/3","2001","2009","9840/3"
"9805/3","2001","2009","9860/3"
"9805/3","2001","2009","9861/3"
"9805/3","2001","2009","9863/3"
"9805/3","2001","2009","9866/3"
"9805/3","2001","2009","9867/3"
"9805/3","2001","2009","9870/3"
"9805/3","2001","2009","9871/3"
"9805/3","2001","2009","9872/3"
"9805/3","2001","2009","9873/3"
"9805/3","2001","2009","9874/3"
"9805/3","2001","2009","9875/3"
"9805/3","2001","2009","9876/3"
"9805/3","2001","2009","9891/3"
"9805/3","2001","2009","9895/3"
"9805/3","2001","2009","9896/3"
"9805/3","2001","2009","9897/3"
"9805/3","2001","2009","9910/3"
"9805/3","2001","2009","9920/3"
"9805/3","2001","2009","9930/3"
"9805/3","2001","2009","9931/3"
"9805/3","2001","2009","9940/3"
"9805/3","2001","2009","9945/3"
"9805/3","2001","2009","9946/3"
"9805/3","2001","2009","9948/3"
"9805/3","2001","2009","9960/3"
"9805/3","2001","2009","9961/3"
"9805/3","2001","2009","9980/3"
"9805/3","2001","2009","9982/3"
"9805/3","2001","2009","9983/3"
"9805/3","2001","2009","9984/3"
"9805/3","2001","2009","9985/3"
"9805/3","2001","2009","9986/3"
"9805/3","2001","2009","9987/3"
"9805/3","2001","2009","9989/3"
"9992/3","2010","2020","9800/3"
"9992/3","2010","2020","9980/3"
"9992/3","2010","2020","9982/3"
"9992/3","2010","2020","9983/3"
"9992/3","2010","2020","9984/3"
"9992/3","2010","2020","9985/3"
"9992/3","2010","2020","9986/3"
"9992/3","2010","2020","9989/3"
"9992/3","2010","2020","9991/3"
"9992/3","2021","2020","9993/3"
"9749/3","2021","9999","9590/3"
"9877/3","2021","9999","9800/3"
"9877/3","2021","9999","9801/3"
"9877/3","2021","9999","9860/3"
"9877/3","2021","9999","9861/3"
"9860/3","2001","2009","9590/3"
"9860/3","2010","9999","9727/3"
"9860/3","2001","9999","9800/3"
"9860/3","2001","2009","9801/3"
"9860/3","2001","9999","9805/3"
"9860/3","2010","9999","9806/3"
"9860/3","2010","9999","9807/3"
"9860/3","2010","9999","9808/3"
"9860/3","2010","9999","9809/3"
"9860/3","2001","9999","9840/3"
"9860/3","2001","9999","9861/3"
"9860/3","2001","9999","9863/3"
"9860/3","2010","9999","9865/3"
"9860/3","2001","9999","9866/3"
"9860/3","2001","9999","9867/3"
"9860/3","2010","9999","9869/3"
"9860/3","2001","9999","9870/3"
"9860/3","2001","9999","9871/3"
"9860/3","2001","9999","9872/3"
"9860/3","2001","9999","9873/3"
"9860/3","2001","9999","9874/3"
"9860/3","2001","2009","9875/3"
"9860/3","2001","9999","9876/3"
"9860/3","2021","9999","9877/3"
"9860/3","2021","9999","9878/3"
"9860/3","2021","9999","9879/3"
"9860/3","2001","9999","9891/3"
"9860/3","2001","9999","9895/3"
"9860/3","2001","9999","9896/3"
"9860/3","2001","9999","9897/3"
"9860/3","2010","9999","9898/3"
"9860/3","2001","9999","9910/3"
"9860/3","2010","9999","9911/3"
"9860/3","2021","9999","9912/3"
"9860/3","2001","9999","9920/3"
"9860/3","2001","9999","9930/3"
"9860/3","2001","9999","9931/3"
"9860/3","2001","2009","9945/3"
"9860/3","2001","2009","9946/3"
"9860/3","2001","2009","9960/3"
"9860/3","2001","2009","9961/3"
"9860/3","2001","2009","9962/3"
"9860/3","2001","2009","9963/3"
"9860/3","2010","9999","9965/3"
"9860/3","2001","2009","9964/3"
"9860/3","2010","9999","9966/3"
"9860/3","2010","9999","9967/3"
"9860/3","2021","9999","9968/3"
"9860/3","2001","2009","9980/3"
"9860/3","2001","2009","9982/3"
"9860/3","2001","2009","9983/3"
"9860/3","2001","2009","9984/3"
"9860/3","2001","2009","9985/3"
"9860/3","2001","2009","9986/3"
"9860/3","2001","9999","9987/3"
"9860/3","2001","2009","9989/3"
"9898/3","2010","9999","9800/3"
"9898/3","2010","9999","9801/3"
"9898/3","2010","9999","9860/3"
"9898/3","2010","9999","9861/3"
"9836/3","2001","2009","9590/3"
"9836/3","2001","2009","9591/3"
"9836/3","2001","2009","9596/3"
"9836/3","2001","2009","9727/3"
"9836/3","2001","2009","9728/3"
"9836/3","2001","2009","9729/3"
"9836/3","2001","2009","9800/3"
"9836/3","2001","2009","9801/3"
"9836/3","2001","2009","9805/3"
"9836/3","2010","2009","9811/3"
"9836/3","2010","2009","9812/3"
"9836/3","2010","2009","9813/3"
"9836/3","2010","2009","9814/3"
"9836/3","2010","2009","9815/3"
"9836/3","2010","2009","9816/3"
"9836/3","2010","2009","9817/3"
"9836/3","2010","2009","9818/3"
"9836/3","2021","2009","9819/3"
"9836/3","2001","2009","9820/3"
"9836/3","2001","2009","9835/3"
"9832/3","2001","2009","9590/3"
"9832/3","2001","2009","9670/3"
"9832/3","2001","2009","9671/3"
"9832/3","2001","2009","9675/3"
"9832/3","2001","2009","9678/3"
"9832/3","2001","2009","9679/3"
"9832/3","2001","2009","9680/3"
"9832/3","2001","2009","9684/3"
"9832/3","2010","9999","9800/3"
"9832/3","2001","2009","9805/3"
"9832/3","2001","2009","9820/3"
"9832/3","2001","2009","9823/3"
"9832/3","2001","2009","9833/3"
"9832/3","2001","2009","9834/3"
"9831/3","2010","9999","9590/3"
"9831/3","2010","9999","9800/3"
"9831/3","2010","9999","9820/3"
"9950/3","2001","2009","9800/3"
"9950/3","2001","2009","9801/3"
"9950/3","2010","9999","9960/3"
"9950/3","2001","2009","9961/3"
"9950/3","2010","9999","9975/3"
"9719/3","2001","9999","9590/3"
"9719/3","2001","9999","9591/3"
"9719/3","2001","2009","9596/3"
"9719/3","2001","2009","9702/3"
"9719/3","2001","2009","9705/3"
"9719/3","2001","2009","9708/3"
"9719/3","2001","2009","9709/3"
"9719/3","2001","2009","9714/3"
"9719/3","2001","2009","9716/3"
"9719/3","2001","2009","9717/3"
"9719/3","2001","2009","9718/3"
"9719/3","2001","2009","9760/3"
"9719/3","2001","2009","9805/3"
"9719/3","2001","2009","9820/3"
"9719/3","2001","2009","9948/3"
"9991/3","2010","2020","9800/3"
"9991/3","2010","2020","9980/3"
"9991/3","2010","2020","9982/3"
"9991/3","2010","2020","9983/3"
"9991/3","2010","2020","9984/3"
"9991/3","2010","2020","9985/3"
"9991/3","2010","2020","9986/3"
"9991/3","2010","2020","9989/3"
"9991/3","2010","2020","9992/3"
"9991/3","2021","2020","9993/3"
"9727/3","2001","9999","9590/3"
"9727/3","2001","9999","9591/3"
"9727/3","2001","2009","9596/3"
"9727/3","2001","2009","9728/3"
"9727/3","2001","2009","9729/3"
"9727/3","2001","9999","9800/3"
"9727/3","2001","9999","9801/3"
"9727/3","2001","2009","9805/3"
"9727/3","2001","2009","9820/3"
"9727/3","2001","2009","9835/3"
"9727/3","2001","2009","9836/3"
"9727/3","2001","2009","9837/3"
"9727/3","2010","9999","9860/3"
"9727/3","2010","9999","9861/3"
"9975/3","2010","9999","9740/3"
"9975/3","2010","9999","9741/3"
"9975/3","2010","9999","9742/3"
"9975/3","2010","9999","9875/3"
"9975/3","2010","9999","9876/3"
"9975/3","2010","9999","9945/3"
"9975/3","2010","9999","9946/3"
"9975/3","2010","9999","9950/3"
"9975/3","2010","9999","9960/3"
"9975/3","2010","9999","9961/3"
"9975/3","2010","9999","9962/3"
"9975/3","2010","9999","9963/3"
"9975/3","2010","9999","9964/3"
"9975/3","2010","9999","9982/3"
"9820/3","2001","2009","9590/3"
"9820/3","2001","2009","9591/3"
"9820/3","2001","2009","9596/3"
"9820/3","2001","9999","9670/3"
"9820/3","2010","9999","9671/3"
"9820/3","2001","2009","9675/3"
"9820/3","2001","2009","9678/3"
"9820/3","2001","2009","9680/3"
"9820/3","2001","2009","9679/3"
"9820/3","2001","2009","9684/3"
"9820/3","2001","2009","9687/3"
"9820/3","2001","2009","9690/3"
"9820/3","2001","2009","9691/3"
"9820/3","2001","2009","9695/3"
"9820/3","2001","2009","9698/3"
"9820/3","2001","2009","9700/3"
"9820/3","2001","2009","9701/3"
"9820/3","2001","2009","9702/3"
"9820/3","2001","2009","9705/3"
"9820/3","2001","2009","9708/3"
"9820/3","2001","2009","9709/3"
"9820/3","2001","2009","9714/3"
"9820/3","2001","2009","9716/3"
"9820/3","2001","2009","9717/3"
"9820/3","2001","2009","9718/3"
"9820/3","2001","2009","9719/3"
"9820/3","2001","2009","9727/3"
"9820/3","2001","9999","9728/3"
"9820/3","2001","9999","9729/3"
"9820/3","2001","2009","9760/3"
"9820/3","2001","2009","9761/3"
"9820/3","2001","2009","9762/3"
"9820/3","2001","9999","9800/3"
"9820/3","2001","2009","9801/3"
"9820/3","2001","2009","9805/3"
"9820/3","2010","9999","9811/3"
"9820/3","2010","9999","9812/3"
"9820/3","2010","9999","9813/3"
"9820/3","2010","9999","9814/3"
"9820/3","2010","9999","9815/3"
"9820/3","2010","9999","9816/3"
"9820/3","2010","9999","9817/3"
"9820/3","2010","9999","9818/3"
"9820/3","2021","9999","9819/3"
"9820/3","2001","9999","9823/3"
"9820/3","2001","2009","9826/3"
"9820/3","2001","9999","9827/3"
"9820/3","2010","9999","9831/3"
"9820/3","2001","2009","9832/3"
"9820/3","2001","2009","9833/3"
"9820/3","2001","9999","9834/3"
"9820/3","2001","9999","9835/3"
"9820/3","2001","9999","9836/3"
"9820/3","2001","9999","9837/3"
"9820/3","2001","2009","9940/3"
"9820/3","2001","9999","9948/3"
"9823/3","2001","9999","9590/3"
"9823/3","2001","9999","9591/3"
"9823/3","2001","2009","9596/3"
"9823/3","2001","9999","9670/3"
"9823/3","2001","2009","9671/3"
"9823/3","2001","2009","9675/3"
"9823/3","2001","2009","9678/3"
"9823/3","2001","2009","9679/3"
"9823/3","2001","2009","9680/3"
"9823/3","2001","2009","9684/3"
"9823/3","2001","2009","9760/3"
"9823/3","2001","9999","9761/3"
"9823/3","2001","2009","9762/3"
"9823/3","2010","9999","9800/3"
"9823/3","2001","2009","9805/3"
"9823/3","2001","9999","9820/3"
"9823/3","2001","2009","9832/3"
"9823/3","2001","2009","9833/3"
"9986/3","2001","9999","9800/3"
"9986/3","2001","2009","9801/3"
"9986/3","2001","2009","9805/3"
"9986/3","2001","2009","9840/3"
"9986/3","2001","2009","9860/3"
"9986/3","2001","2009","9861/3"
"9986/3","2001","2009","9863/3"
"9986/3","2001","2009","9866/3"
"9986/3","2001","2009","9867/3"
"9986/3","2001","2009","9870/3"
"9986/3","2001","2009","9871/3"
"9986/3","2001","2009","9872/3"
"9986/3","2001","2009","9873/3"
"9986/3","2001","2009","9874/3"
"9986/3","2001","2009","9875/3"
"9986/3","2001","2009","9876/3"
"9986/3","2001","2009","9891/3"
"9986/3","2001","2009","9895/3"
"9986/3","2001","2009","9896/3"
"9986/3","2001","2009","9897/3"
"9986/3","2001","2009","9910/3"
"9986/3","2001","2009","9920/3"
"9986/3","2001","2009","9930/3"
"9986/3","2001","2009","9931/3"
"9986/3","2001","2009","9945/3"
"9986/3","2001","2009","9946/3"
"9986/3","2001","2009","9961/3"
"9986/3","2001","9999","9980/3"
"9986/3","2001","9999","9982/3"
"9986/3","2001","9999","9983/3"
"9986/3","2001","9999","9984/3"
"9986/3","2001","9999","9985/3"
"9986/3","2001","2009","9987/3"
"9986/3","2001","9999","9989/3"
"9986/3","2010","9999","9991/3"
"9986/3","2010","9999","9992/3"
"9986/3","2021","9999","9993/3"
"9879/3","2021","9999","9800/3"
"9879/3","2021","9999","9801/3"
"9879/3","2021","9999","9860/3"
"9879/3","2021","9999","9861/3"
"9910/3","2001","9999","9590/3"
"9910/3","2001","9999","9800/3"
"9910/3","2001","9999","9801/3"
"9910/3","2001","2009","9805/3"
"9910/3","2001","2009","9840/3"
"9910/3","2001","9999","9860/3"
"9910/3","2001","9999","9861/3"
"9910/3","2001","2009","9863/3"
"9910/3","2001","2009","9866/3"
"9910/3","2001","2009","9867/3"
"9910/3","2001","2009","9870/3"
"9910/3","2001","2009","9871/3"
"9910/3","2001","2009","9872/3"
"9910/3","2001","2009","9873/3"
"9910/3","2001","2009","9874/3"
"9910/3","2001","2009","9875/3"
"9910/3","2001","2009","9876/3"
"9910/3","2001","2009","9891/3"
"9910/3","2001","2009","9895/3"
"9910/3","2001","2009","9896/3"
"9910/3","2001","2009","9897/3"
"9910/3","2001","2009","9920/3"
"9910/3","2001","2009","9930/3"
"9910/3","2001","2009","9931/3"
"9910/3","2001","2009","9945/3"
"9910/3","2001","2009","9946/3"
"9910/3","2001","2009","9960/3"
"9910/3","2001","2009","9961/3"
"9910/3","2001","2009","9962/3"
"9910/3","2001","2009","9963/3"
"9910/3","2001","2009","9964/3"
"9910/3","2001","2009","9980/3"
"9910/3","2001","2009","9982/3"
"9910/3","2001","2009","9983/3"
"9910/3","2001","2009","9984/3"
"9910/3","2001","2009","9985/3"
"9910/3","2001","2009","9986/3"
"9910/3","2001","2009","9987/3"
"9910/3","2001","2009","9989/3"
"9800/3","2001","2009","9590/3"
"9800/3","2001","2009","9591/3"
"9800/3","2001","2009","9596/3"
"9800/3","2001","9999","9670/3"
"9800/3","2001","2009","9687/3"
"9800/3","2001","9999","9727/3"
"9800/3","2001","9999","9728/3"
"9800/3","2001","9999","9729/3"
"9800/3","2010","9999","9742/3"
"9800/3","2001","9999","9801/3"
"9800/3","2001","9999","9805/3"
"9800/3","2010","9999","9806/3"
"9800/3","2010","9999","9807/3"
"9800/3","2010","9999","9808/3"
"9800/3","2010","9999","9809/3"
"9800/3","2010","9999","9811/3"
"9800/3","2010","9999","9812/3"
"9800/3","2010","9999","9813/3"
"9800/3","2010","9999","9814/3"
"9800/3","2010","9999","9815/3"
"9800/3","2010","9999","9816/3"
"9800/3","2010","9999","9817/3"
"9800/3","2010","9999","9818/3"
"9800/3","2021","9999","9819/3"
"9800/3","2001","9999","9820/3"
"9800/3","2010","9999","9823/3"
"9800/3","2001","9999","9826/3"
"9800/3","2001","9999","9827/3"
"9800/3","2010","9999","9831/3"
"9800/3","2010","9999","9832/3"
"9800/3","2010","9999","9833/3"
"9800/3","2010","9999","9834/3"
"9800/3","2001","9999","9835/3"
"9800/3","2001","9999","9836/3"
"9800/3","2001","9999","9837/3"
"9800/3","2001","9999","9840/3"
"9800/3","2001","9999","9860/3"
"9800/3","2001","9999","9861/3"
"9800/3","2001","9999","9863/3"
"9800/3","2010","9999","9865/3"
"9800/3","2001","9999","9866/3"
"9800/3","2001","9999","9867/3"
"9800/3","2010","9999","9869/3"
"9800/3","2001","9999","9870/3"
"9800/3","2001","9999","9871/3"
"9800/3","2001","9999","9872/3"
"9800/3","2001","9999","9873/3"
"9800/3","2001","9999","9874/3"
"9800/3","2001","9999","9875/3"
"9800/3","2001","9999","9876/3"
"9800/3","2021","9999","9877/3"
"9800/3","2021","9999","9878/3"
"9800/3","2021","9999","9879/3"
"9800/3","2001","9999","9891/3"
"9800/3","2001","9999","9895/3"
"9800/3","2001","9999","9896/3"
"9800/3","2001","9999","9897/3"
"9800/3","2010","9999","9898/3"
"9800/3","2001","9999","9910/3"
"9800/3","2010","9999","9911/3"
"9800/3","2021","9999","9912/3"
"9800/3","2001","9999","9920/3"
"9800/3","2001","9999","9930/3"
"9800/3","2001","9999","9931/3"
"9800/3","2010","9999","9940/3"
"9800/3","2001","9999","9945/3"
"9800/3","2001","9999","9946/3"
"9800/3","2010","9999","9948/3"
"9800/3","2001","2009","9950/3"
"9800/3","2001","2009","9960/3"
"9800/3","2001","2009","9961/3"
"9800/3","2001","2009","9962/3"
"9800/3","2001","2009","9963/3"
"9800/3","2001","9999","9964/3"
"9800/3","2010","9999","9965/3"
"9800/3","2010","9999","9966/3"
"9800/3","2010","9999","9967/3"
"9800/3","2021","9999","9968/3"
"9800/3","2001","9999","9980/3"
"9800/3","2001","9999","9982/3"
"9800/3","2001","9999","9983/3"
"9800/3","2001","9999","9984/3"
"9800/3","2001","9999","9985/3"
"9800/3","2001","9999","9986/3"
"9800/3","2001","9999","9987/3"
"9800/3","2001","9999","9989/3"
"9800/3","2010","9999","9991/3"
"9800/3","2010","9999","9992/3"
"9800/3","2021","9999","9993/3"
"9931/3","2001","9999","9590/3"
"9931/3","2001","9999","9800/3"
"9931/3","2010","9999","9801/3"
"9931/3","2001","2009","9805/3"
"9931/3","2001","2009","9840/3"
"9931/3","2001","9999","9860/3"
"9931/3","2001","9999","9861/3"
"9931/3","2001","2009","9863/3"
"9931/3","2001","2009","9866/3"
"9931/3","2001","2009","9867/3"
"9931/3","2001","2009","9870/3"
"9931/3","2001","2009","9871/3"
"9931/3","2001","2009","9872/3"
"9931/3","2001","2009","9873/3"
"9931/3","2001","2009","9874/3"
"9931/3","2001","2009","9875/3"
"9931/3","2001","2009","9876/3"
"9931/3","2001","2009","9891/3"
"9931/3","2001","2009","9895/3"
"9931/3","2001","2009","9896/3"
"9931/3","2001","2009","9897/3"
"9931/3","2001","2009","9910/3"
"9931/3","2001","2009","9920/3"
"9931/3","2001","2009","9930/3"
"9931/3","2001","2009","9945/3"
"9931/3","2001","2009","9946/3"
"9931/3","2001","2009","9960/3"
"9931/3","2001","2009","9961/3"
"9931/3","2001","2009","9962/3"
"9931/3","2001","2009","9963/3"
"9931/3","2001","2009","9964/3"
"9931/3","2001","2009","9980/3"
"9931/3","2001","2009","9982/3"
"9931/3","2001","2009","9983/3"
"9931/3","2001","2009","9984/3"
"9931/3","2001","2009","9985/3"
"9931/3","2001","2009","9986/3"
"9931/3","2001","2009","9987/3"
"9931/3","2001","2009","9989/3"
"9861/3","2001","2009","9590/3"
"9861/3","2010","9999","9727/3"
"9861/3","2001","9999","9800/3"
"9861/3","2001","9999","9801/3"
"9861/3","2001","9999","9805/3"
"9861/3","2010","9999","9806/3"
"9861/3","2010","9999","9807/3"
"9861/3","2010","9999","9808/3"
"9861/3","2010","9999","9809/3"
"9861/3","2001","9999","9840/3"
"9861/3","2001","9999","9860/3"
"9861/3","2001","2009","9863/3"
"9861/3","2010","9999","9865/3"
"9861/3","2001","9999","9866/3"
"9861/3","2001","9999","9867/3"
"9861/3","2010","9999","9869/3"
"9861/3","2001","9999","9870/3"
"9861/3","2001","9999","9871/3"
"9861/3","2001","9999","9872/3"
"9861/3","2001","9999","9873/3"
"9861/3","2001","9999","9874/3"
"9861/3","2001","2009","9875/3"
"9861/3","2001","2009","9876/3"
"9861/3","2021","9999","9877/3"
"9861/3","2021","9999","9878/3"
"9861/3","2021","9999","9879/3"
"9861/3","2001","9999","9891/3"
"9861/3","2001","9999","9895/3"
"9861/3","2001","9999","9896/3"
"9861/3","2001","9999","9897/3"
"9861/3","2010","9999","9898/3"
"9861/3","2001","9999","9910/3"
"9861/3","2010","9999","9911/3"
"9861/3","2021","9999","9912/3"
"9861/3","2001","2009","9920/3"
"9861/3","2001","2009","9930/3"
"9861/3","2001","9999","9931/3"
"9861/3","2001","2009","9945/3"
"9861/3","2001","2009","9946/3"
"9861/3","2001","2009","9960/3"
"9861/3","2001","2009","9961/3"
"9861/3","2001","2009","9962/3"
"9861/3","2001","2009","9963/3"
"9861/3","2001","2009","9964/3"
"9861/3","2010","9999","9965/3"
"9861/3","2010","9999","9966/3"
"9861/3","2010","9999","9967/3"
"9861/3","2021","9999","9968/3"
"9861/3","2001","2009","9980/3"
"9861/3","2001","2009","9982/3"
"9861/3","2001","2009","9983/3"
"9861/3","2001","2009","9984/3"
"9861/3","2001","2009","9985/3"
"9861/3","2001","2009","9986/3"
"9861/3","2001","2009","9987/3"
"9861/3","2001","2009","9989/3"
"9863/3","2001","2009","9590/3"
"9863/3","2001","9999","9800/3"
"9863/3","2001","2009","9801/3"
"9863/3","2001","2009","9805/3"
"9863/3","2001","2009","9840/3"
"9863/3","2001","9999","9860/3"
"9863/3","2001","2009","9861/3"
"9863/3","2001","2009","9866/3"
"9863/3","2001","2009","9867/3"
"9863/3","2001","2009","9870/3"
"9863/3","2001","2009","9871/3"
"9863/3","2001","2009","9872/3"
"9863/3","2001","2009","9873/3"
"9863/3","2001","2009","9874/3"
"9863/3","2001","9999","9875/3"
"9863/3","2001","9999","9876/3"
"9863/3","2001","2009","9891/3"
"9863/3","2001","2009","9895/3"
"9863/3","2001","2009","9896/3"
"9863/3","2001","2009","9897/3"
"9863/3","2001","2009","9910/3"
"9863/3","2001","2009","9920/3"
"9863/3","2001","2009","9930/3"
"9863/3","2001","2009","9931/3"
"9863/3","2001","9999","9945/3"
"9863/3","2001","9999","9946/3"
"9863/3","2001","9999","9960/3"
"9863/3","2001","9999","9961/3"
"9863/3","2001","2009","9962/3"
"9863/3","2001","9999","9963/3"
"9863/3","2001","2009","9964/3"
"9863/3","2010","9999","9966/3"
"9863/3","2001","2009","9980/3"
"9863/3","2001","2009","9982/3"
"9863/3","2001","2009","9983/3"
"9863/3","2001","2009","9984/3"
"9863/3","2001","2009","9985/3"
"9863/3","2001","2009","9986/3"
"9863/3","2001","2009","9987/3"
"9863/3","2001","2009","9989/3"
"9967/3","2010","9999","9800/3"
"9967/3","2010","9999","9801/3"
"9967/3","2010","9999","9860/3"
"9967/3","2010","9999","9861/3"
"9801/3","2001","2009","9590/3"
"9801/3","2001","2009","9591/3"
"9801/3","2001","2009","9596/3"
"9801/3","2001","2009","9687/3"
"9801/3","2001","9999","9727/3"
"9801/3","2001","9999","9728/3"
"9801/3","2001","9999","9729/3"
"9801/3","2010","9999","9742/3"
"9801/3","2001","9999","9800/3"
"9801/3","2001","9999","9805/3"
"9801/3","2010","9999","9806/3"
"9801/3","2010","9999","9807/3"
"9801/3","2010","9999","9808/3"
"9801/3","2010","9999","9809/3"
"9801/3","2010","9999","9811/3"
"9801/3","2010","9999","9812/3"
"9801/3","2010","9999","9813/3"
"9801/3","2010","9999","9814/3"
"9801/3","2010","9999","9815/3"
"9801/3","2010","9999","9816/3"
"9801/3","2010","9999","9817/3"
"9801/3","2010","9999","9818/3"
"9801/3","2021","9999","9819/3"
"9801/3","2001","2009","9820/3"
"9801/3","2001","9999","9826/3"
"9801/3","2001","9999","9827/3"
"9801/3","2010","9999","9833/3"
"9801/3","2010","9999","9834/3"
"9801/3","2001","9999","9835/3"
"9801/3","2001","9999","9836/3"
"9801/3","2001","9999","9837/3"
"9801/3","2001","9999","9840/3"
"9801/3","2001","2009","9860/3"
"9801/3","2001","9999","9861/3"
"9801/3","2001","2009","9863/3"
"9801/3","2010","9999","9865/3"
"9801/3","2001","9999","9866/3"
"9801/3","2001","9999","9867/3"
"9801/3","2010","9999","9869/3"
"9801/3","2001","9999","9870/3"
"9801/3","2001","9999","9871/3"
"9801/3","2001","9999","9872/3"
"9801/3","2001","9999","9873/3"
"9801/3","2001","9999","9874/3"
"9801/3","2001","2009","9875/3"
"9801/3","2001","2009","9876/3"
"9801/3","2021","9999","9877/3"
"9801/3","2021","9999","9878/3"
"9801/3","2021","9999","9879/3"
"9801/3","2001","9999","9891/3"
"9801/3","2001","9999","9895/3"
"9801/3","2001","9999","9896/3"
"9801/3","2001","9999","9897/3"
"9801/3","2010","9999","9898/3"
"9801/3","2001","9999","9910/3"
"9801/3","2010","9999","9911/3"
"9801/3","2021","9999","9912/3"
"9801/3","2001","9999","9920/3"
"9801/3","2001","9999","9930/3"
"9801/3","2010","9999","9931/3"
"9801/3","2010","9999","9940/3"
"9801/3","2001","2009","9945/3"
"9801/3","2001","9999","9946/3"
"9801/3","2010","9999","9948/3"
"9801/3","2001","2009","9950/3"
"9801/3","2001","2009","9960/3"
"9801/3","2001","2009","9961/3"
"9801/3","2001","2009","9962/3"
"9801/3","2001","2009","9963/3"
"9801/3","2001","2009","9964/3"
"9801/3","2010","9999","9965/3"
"9801/3","2010","9999","9966/3"
"9801/3","2010","9999","9967/3"
"9801/3","2021","9999","9968/3"
"9801/3","2001","2009","9980/3"
"9801/3","2001","2009","9982/3"
"9801/3","2001","2009","9983/3"
"9801/3","2001","2009","9984/3"
"9801/3","2001","2009","9985/3"
"9801/3","2001","2009","9986/3"
"9801/3","2001","9999","9987/3"
"9801/3","2001","2009","9989/3"
"9735/3","2010","9999","9590/3"
"9735/3","2010","9999","9591/3"
"9735/3","2010","9999","9684/3"
"9735/3","2010","9999","9738/3"
"9679/3","2001","9999","9590/3"
"9679/3","2001","9999","9591/3"
"9679/3","2001","2009","9596/3"
"9679/3","2001","2009","9670/3"
"9679/3","2001","2009","9671/3"
"9679/3","2001","2009","9675/3"
"9679/3","2001","2009","9678/3"
"9679/3","2001","2009","9680/3"
"9679/3","2001","2009","9684/3"
"9679/3","2001","2009","9687/3"
"9679/3","2001","2009","9690/3"
"9679/3","2001","2009","9691/3"
"9679/3","2001","2009","9695/3"
"9679/3","2001","2009","9698/3"
"9679/3","2010","9999","9737/3"
"9679/3","2001","2009","9760/3"
"9679/3","2001","2009","9761/3"
"9679/3","2001","2009","9762/3"
"9679/3","2001","2009","9764/3"
"9679/3","2001","2009","9805/3"
"9679/3","2001","2009","9820/3"
"9679/3","2001","2009","9823/3"
"9679/3","2001","2009","9832/3"
"9679/3","2001","2009","9833/3"
"9717/3","2001","9999","9590/3"
"9717/3","2001","9999","9591/3"
"9717/3","2001","2009","9596/3"
"9717/3","2001","2009","9702/3"
"9717/3","2001","2009","9705/3"
"9717/3","2001","2009","9708/3"
"9717/3","2001","2009","9709/3"
"9717/3","2001","2009","9714/3"
"9717/3","2001","2009","9716/3"
"9717/3","2001","2009","9718/3"
"9717/3","2001","2009","9719/3"
"9717/3","2001","2009","9760/3"
"9717/3","2001","2009","9805/3"
"9717/3","2001","2009","9820/3"
"9717/3","2001","2009","9948/3"
"9989/3","2001","9999","9800/3"
"9989/3","2001","2009","9801/3"
"9989/3","2001","2009","9805/3"
"9989/3","2001","2009","9840/3"
"9989/3","2001","2009","9860/3"
"9989/3","2001","2009","9861/3"
"9989/3","2001","2009","9863/3"
"9989/3","2001","2009","9866/3"
"9989/3","2001","2009","9867/3"
"9989/3","2001","2009","9870/3"
"9989/3","2001","2009","9871/3"
"9989/3","2001","2009","9872/3"
"9989/3","2001","2009","9873/3"
"9989/3","2001","2009","9874/3"
"9989/3","2001","2009","9875/3"
"9989/3","2001","2009","9876/3"
"9989/3","2001","2009","9891/3"
"9989/3","2001","2009","9895/3"
"9989/3","2001","2009","9896/3"
"9989/3","2001","2009","9897/3"
"9989/3","2001","2009","9910/3"
"9989/3","2001","2009","9920/3"
"9989/3","2001","2009","9930/3"
"9989/3","2001","2009","9931/3"
"9989/3","2001","2009","9945/3"
"9989/3","2001","2009","9946/3"
"9989/3","2001","2009","9961/3"
"9989/3","2001","9999","9980/3"
"9989/3","2001","9999","9982/3"
"9989/3","2001","9999","9983/3"
"9989/3","2001","9999","9984/3"
"9989/3","2001","9999","9985/3"
"9989/3","2001","9999","9986/3"
"9989/3","2001","2009","9987/3"
"9989/3","2010","9999","9991/3"
"9989/3","2010","9999","9992/3"
"9989/3","2021","9999","9993/3"
"9718/3","2001","9999","9590/3"
"9718/3","2001","9999","9591/3"
"9718/3","2001","2009","9596/3"
"9718/3","2001","9999","9702/3"
"9718/3","2001","2009","9705/3"
"9718/3","2001","2009","9708/3"
"9718/3","2001","2009","9709/3"
"9718/3","2001","9999","9714/3"
"9718/3","2001","2009","9716/3"
"9718/3","2001","2009","9717/3"
"9718/3","2001","2009","9719/3"
"9718/3","2001","2009","9760/3"
"9718/3","2001","2009","9805/3"
"9718/3","2001","2009","9820/3"
"9718/3","2001","2009","9948/3"
"9987/3","2001","2009","9800/3"
"9987/3","2001","2009","9801/3"
"9987/3","2001","2009","9805/3"
"9987/3","2001","2009","9840/3"
"9987/3","2001","2009","9860/3"
"9987/3","2001","2009","9861/3"
"9987/3","2001","2009","9863/3"
"9987/3","2001","2009","9866/3"
"9987/3","2001","2009","9867/3"
"9987/3","2001","2009","9870/3"
"9987/3","2001","2009","9871/3"
"9987/3","2001","2009","9872/3"
"9987/3","2001","2009","9873/3"
"9987/3","2001","2009","9874/3"
"9987/3","2001","2009","9875/3"
"9987/3","2001","2009","9876/3"
"9987/3","2001","2009","9891/3"
"9987/3","2001","2009","9895/3"
"9987/3","2001","2009","9896/3"
"9987/3","2001","2009","9897/3"
"9987/3","2001","2009","9910/3"
"9987/3","2001","2009","9920/3"
"9987/3","2001","2009","9930/3"
"9987/3","2001","2009","9931/3"
"9987/3","2001","2009","9945/3"
"9987/3","2001","2009","9946/3"
"9987/3","2001","2009","9961/3"
"9987/3","2001","2009","9980/3"
"9987/3","2001","2009","9982/3"
"9987/3","2001","2009","9983/3"
"9987/3","2001","2009","9984/3"
"9987/3","2001","2009","9985/3"
"9987/3","2001","2009","9986/3"
"9987/3","2001","2009","9989/3"
"9963/3","2001","2009","9800/3"
"9963/3","2001","2009","9801/3"
"9963/3","2001","2009","9840/3"
"9963/3","2001","2009","9860/3"
"9963/3","2001","2009","9861/3"
"9963/3","2001","9999","9863/3"
"9963/3","2001","2009","9866/3"
"9963/3","2001","2009","9867/3"
"9963/3","2001","2009","9870/3"
"9963/3","2001","2009","9871/3"
"9963/3","2001","2009","9872/3"
"9963/3","2001","2009","9873/3"
"9963/3","2001","2009","9874/3"
"9963/3","2001","2009","9875/3"
"9963/3","2001","2009","9876/3"
"9963/3","2001","2009","9891/3"
"9963/3","2001","2009","9895/3"
"9963/3","2001","2009","9896/3"
"9963/3","2001","2009","9897/3"
"9963/3","2001","2009","9910/3"
"9963/3","2001","2009","9920/3"
"9963/3","2001","2009","9930/3"
"9963/3","2001","2009","9931/3"
"9963/3","2001","2009","9945/3"
"9963/3","2001","9999","9960/3"
"9963/3","2001","2009","9961/3"
"9963/3","2001","2009","9962/3"
"9963/3","2010","9999","9975/3"
"9734/3","2001","2009","9590/3"
"9734/3","2001","2009","9731/3"
"9734/3","2001","2009","9732/3"
"9734/3","2001","2009","9733/3"
"9714/3","2001","9999","9590/3"
"9714/3","2001","9999","9591/3"
"9714/3","2001","2009","9596/3"
"9714/3","2001","2009","9702/3"
"9714/3","2001","2009","9705/3"
"9714/3","2001","2009","9708/3"
"9714/3","2001","2009","9709/3"
"9714/3","2001","2009","9716/3"
"9714/3","2001","2009","9717/3"
"9714/3","2001","9999","9718/3"
"9714/3","2001","2009","9719/3"
"9714/3","2001","2009","9760/3"
"9714/3","2001","2009","9805/3"
"9714/3","2001","2009","9820/3"
"9714/3","2001","2009","9948/3"
"9725/3","2010","2020","9590/3"
"9725/3","2010","2020","9591/3"
"9869/3","2010","9999","9800/3"
"9869/3","2010","9999","9801/3"
"9869/3","2010","9999","9860/3"
"9869/3","2010","9999","9861/3"
"9709/3","2001","9999","9590/3"
"9709/3","2001","9999","9591/3"
"9709/3","2001","2009","9596/3"
"9709/3","2001","2009","9702/3"
"9709/3","2001","2009","9705/3"
"9709/3","2001","2009","9708/3"
"9709/3","2001","2009","9714/3"
"9709/3","2001","2009","9716/3"
"9709/3","2001","2009","9717/3"
"9709/3","2001","2009","9718/3"
"9709/3","2001","2009","9719/3"
"9709/3","2010","9999","9726/3"
"9709/3","2001","2009","9760/3"
"9709/3","2001","2009","9805/3"
"9709/3","2001","2009","9820/3"
"9709/3","2001","2009","9948/3"
"9764/3","2001","2009","9590/3"
"9764/3","2001","2009","9591/3"
"9764/3","2001","2009","9596/3"
"9764/3","2001","2009","9675/3"
"9764/3","2001","2009","9678/3"
"9764/3","2001","2009","9679/3"
"9764/3","2001","2009","9680/3"
"9764/3","2001","2009","9684/3"
"9764/3","2001","2009","9687/3"
"9764/3","2001","2009","9760/3"
"9764/3","2001","2009","9762/3"
"9726/3","2010","9999","9590/3"
"9726/3","2010","9999","9591/3"
"9726/3","2010","9999","9708/3"
"9726/3","2010","9999","9709/3"
"9759/3","2010","9999","9757/3"
"9759/3","2010","9999","9758/3"
"9993/3","2021","9999","9800/3"
"9993/3","2021","9999","9980/3"
"9993/3","2021","9999","9982/3"
"9993/3","2021","9999","9983/3"
"9993/3","2021","9999","9984/3"
"9993/3","2021","9999","9985/3"
"9993/3","2021","9999","9986/3"
"9993/3","2021","9999","9989/3"
"9993/3","2021","9999","9991/3"
"9993/3","2021","9999","9992/3"
"9716/3","2001","9999","9590/3"
"9716/3","2001","9999","9591/3"
"9716/3","2001","2009","9596/3"
"9716/3","2001","2009","9702/3"
"9716/3","2001","2009","9705/3"
"9716/3","2001","2009","9708/3"
"9716/3","2001","2009","9709/3"
"9716/3","2001","2009","9714/3"
"9716/3","2001","2009","9717/3"
"9716/3","2001","2009","9718/3"
"9716/3","2001","2009","9719/3"
"9716/3","2001","2009","9760/3"
"9716/3","2001","2009","9805/3"
"9716/3","2001","2009","9820/3"
"9716/3","2001","2009","9948/3"
"9757/3","2001","2009","9590/3"
"9757/3","2001","2009","9591/3"
"9757/3","2001","9999","9758/3"
"9757/3","2010","9999","9759/3"
"9702/3","2001","9999","9590/3"
"9702/3","2001","9999","9591/3"
"9702/3","2001","2009","9596/3"
"9702/3","2001","9999","9705/3"
"9702/3","2001","2009","9708/3"
"9702/3","2001","2009","9709/3"
"9702/3","2001","2009","9714/3"
"9702/3","2001","2009","9716/3"
"9702/3","2001","2009","9717/3"
"9702/3","2001","9999","9718/3"
"9702/3","2001","2009","9719/3"
"9702/3","2001","2009","9760/3"
"9702/3","2001","2009","9805/3"
"9702/3","2001","2009","9820/3"
"9702/3","2010","9999","9827/3"
"9702/3","2001","2009","9948/3"
"9807/3","2010","9999","9800/3"
"9807/3","2010","9999","9801/3"
"9807/3","2010","9999","9805/3"
"9807/3","2010","9999","9860/3"
"9807/3","2010","9999","9861/3"
"9751/3","2010","9999","9750/3"
"9751/3","2010","9999","9754/3"
"9751/3","2010","9999","9755/3"
"9751/3","2010","9999","9756/3"
"9701/3","2001","9999","9590/3"
"9701/3","2001","9999","9591/3"
"9701/3","2001","2009","9596/3"
"9701/3","2001","9999","9700/3"
"9701/3","2001","2009","9805/3"
"9701/3","2001","2009","9820/3"
"9814/3","2010","9999","9590/3"
"9814/3","2010","9999","9591/3"
"9814/3","2010","9999","9728/3"
"9814/3","2010","9999","9800/3"
"9814/3","2010","9999","9801/3"
"9814/3","2010","9999","9811/3"
"9814/3","2010","9999","9820/3"
"9814/3","2010","9999","9835/3"
"9814/3","2010","9999","9836/3"
"9815/3","2010","9999","9590/3"
"9815/3","2010","9999","9591/3"
"9815/3","2010","9999","9728/3"
"9815/3","2010","9999","9800/3"
"9815/3","2010","9999","9801/3"
"9815/3","2010","9999","9811/3"
"9815/3","2010","9999","9820/3"
"9815/3","2010","9999","9835/3"
"9815/3","2010","9999","9836/3"
"9762/3","2001","9999","9590/3"
"9762/3","2001","2009","9591/3"
"9762/3","2001","2009","9596/3"
"9762/3","2010","9999","9671/3"
"9762/3","2001","2009","9675/3"
"9762/3","2001","2009","9678/3"
"9762/3","2001","9999","9760/3"
"9762/3","2001","9999","9764/3"
"9762/3","2001","2009","9679/3"
"9762/3","2001","2009","9680/3"
"9762/3","2001","2009","9684/3"
"9762/3","2001","2009","9820/3"
"9762/3","2001","2009","9823/3"
"9878/3","2021","9999","9800/3"
"9878/3","2021","9999","9801/3"
"9878/3","2021","9999","9860/3"
"9878/3","2021","9999","9861/3"
"9708/3","2001","9999","9590/3"
"9708/3","2001","9999","9591/3"
"9708/3","2001","2009","9596/3"
"9708/3","2001","2009","9702/3"
"9708/3","2001","2009","9705/3"
"9708/3","2001","2009","9709/3"
"9708/3","2001","2009","9714/3"
"9708/3","2001","2009","9716/3"
"9708/3","2001","2009","9717/3"
"9708/3","2001","2009","9718/3"
"9708/3","2001","2009","9719/3"
"9708/3","2010","9999","9726/3"
"9708/3","2001","2009","9760/3"
"9708/3","2001","2009","9805/3"
"9708/3","2001","2009","9820/3"
"9708/3","2001","2009","9948/3"
"9705/3","2001","9999","9590/3"
"9705/3","2001","9999","9591/3"
"9705/3","2001","2009","9596/3"
"9705/3","2001","9999","9702/3"
"9705/3","2001","2009","9708/3"
"9705/3","2001","2009","9709/3"
"9705/3","2001","2009","9714/3"
"9705/3","2001","2009","9716/3"
"9705/3","2001","2009","9717/3"
"9705/3","2001","2009","9718/3"
"9705/3","2001","2009","9719/3"
"9705/3","2001","2009","9760/3"
"9705/3","2001","2009","9805/3"
"9705/3","2001","2009","9820/3"
"9705/3","2001","2009","9948/3"
"9761/3","2001","9999","9590/3"
"9761/3","2001","9999","9591/3"
"9761/3","2001","2009","9596/3"
"9761/3","2001","2009","9670/3"
"9761/3","2001","9999","9671/3"
"9761/3","2001","2009","9675/3"
"9761/3","2001","2009","9678/3"
"9761/3","2001","2009","9679/3"
"9761/3","2001","2009","9680/3"
"9761/3","2001","9999","9684/3"
"9761/3","2001","2009","9760/3"
"9761/3","2001","2009","9820/3"
"9761/3","2001","9999","9823/3"
"9865/3","2010","9999","9800/3"
"9865/3","2010","9999","9801/3"
"9865/3","2010","9999","9860/3"
"9865/3","2010","9999","9861/3"
"9813/3","2010","9999","9590/3"
"9813/3","2010","9999","9591/3"
"9813/3","2010","9999","9728/3"
"9813/3","2010","9999","9800/3"
"9813/3","2010","9999","9801/3"
"9813/3","2010","9999","9811/3"
"9813/3","2010","9999","9820/3"
"9813/3","2010","9999","9835/3"
"9813/3","2010","9999","9836/3"
"9760/3","2001","2009","9590/3"
"9760/3","2001","2009","9591/3"
"9760/3","2001","2009","9596/3"
"9760/3","2001","2009","9670/3"
"9760/3","2001","2009","9671/3"
"9760/3","2001","2009","9675/3"
"9760/3","2001","2009","9678/3"
"9760/3","2001","2009","9679/3"
"9760/3","2001","2009","9680/3"
"9760/3","2001","2009","9684/3"
"9760/3","2001","2009","9702/3"
"9760/3","2001","2009","9705/3"
"9760/3","2001","2009","9708/3"
"9760/3","2001","2009","9709/3"
"9760/3","2001","2009","9714/3"
"9760/3","2001","2009","9716/3"
"9760/3","2001","2009","9717/3"
"9760/3","2001","2009","9718/3"
"9760/3","2001","2009","9719/3"
"9760/3","2001","2009","9761/3"
"9760/3","2001","2009","9762/3"
"9760/3","2001","2009","9764/3"
"9760/3","2001","2009","9820/3"
"9760/3","2001","2009","9823/3"
"9740/3","2001","2009","9590/3"
"9740/3","2010","9999","9960/3"
"9740/3","2001","2009","9741/3"
"9740/3","2001","2009","9742/3"
"9740/3","2010","9999","9975/3"
"9911/3","2010","9999","9800/3"
"9911/3","2010","9999","9801/3"
"9911/3","2010","9999","9860/3"
"9911/3","2010","9999","9861/3"
"9897/3","2001","9999","9590/3"
"9897/3","2001","9999","9800/3"
"9897/3","2001","9999","9801/3"
"9897/3","2001","2009","9805/3"
"9897/3","2001","9999","9840/3"
"9897/3","2001","9999","9860/3"
"9897/3","2001","9999","9861/3"
"9897/3","2001","2009","9863/3"
"9897/3","2001","2009","9866/3"
"9897/3","2001","2009","9867/3"
"9897/3","2001","2009","9870/3"
"9897/3","2001","2009","9871/3"
"9897/3","2001","2009","9872/3"
"9897/3","2001","2009","9873/3"
"9897/3","2001","2009","9874/3"
"9897/3","2001","2009","9875/3"
"9897/3","2001","2009","9876/3"
"9897/3","2001","2009","9891/3"
"9897/3","2001","2009","9895/3"
"9897/3","2001","2009","9896/3"
"9897/3","2001","2009","9910/3"
"9897/3","2001","2009","9920/3"
"9897/3","2001","2009","9930/3"
"9897/3","2001","2009","9931/3"
"9897/3","2001","2009","9945/3"
"9897/3","2001","2009","9946/3"
"9897/3","2001","2009","9960/3"
"9897/3","2001","2009","9961/3"
"9897/3","2001","2009","9962/3"
"9897/3","2001","2009","9963/3"
"9897/3","2001","2009","9964/3"
"9897/3","2001","2009","9980/3"
"9897/3","2001","2009","9982/3"
"9897/3","2001","2009","9983/3"
"9897/3","2001","2009","9984/3"
"9897/3","2001","2009","9985/3"
"9897/3","2001","2009","9986/3"
"9897/3","2001","2009","9987/3"
"9897/3","2001","2009","9989/3"
"9755/3","2001","2009","9590/3"
"9755/3","2001","9999","9750/3"
"9755/3","2010","9999","9751/3"
"9755/3","2001","9999","9754/3"
"9755/3","2001","9999","9756/3"
"9731/3","2001","2009","9590/3"
"9731/3","2001","2009","9732/3"
"9731/3","2001","2009","9733/3"
"9731/3","2001","2009","9734/3"
"9930/3","2001","9999","9590/3"
"9930/3","2001","9999","9800/3"
"9930/3","2001","9999","9801/3"
"9930/3","2001","2009","9805/3"
"9930/3","2001","2009","9840/3"
"9930/3","2001","9999","9860/3"
"9930/3","2001","2009","9861/3"
"9930/3","2001","2009","9863/3"
"9930/3","2001","2009","9866/3"
"9930/3","2001","2009","9867/3"
"9930/3","2001","2009","9870/3"
"9930/3","2001","2009","9871/3"
"9930/3","2001","2009","9872/3"
"9930/3","2001","2009","9873/3"
"9930/3","2001","2009","9874/3"
"9930/3","2001","2009","9875/3"
"9930/3","2001","2009","9876/3"
"9930/3","2001","2009","9891/3"
"9930/3","2001","2009","9895/3"
"9930/3","2001","2009","9896/3"
"9930/3","2001","2009","9897/3"
"9930/3","2001","2009","9910/3"
"9930/3","2001","2009","9920/3"
"9930/3","2001","2009","9931/3"
"9930/3","2001","2009","9945/3"
"9930/3","2001","2009","9946/3"
"9930/3","2001","2009","9960/3"
"9930/3","2001","2009","9961/3"
"9930/3","2001","2009","9962/3"
"9930/3","2001","2009","9963/3"
"9930/3","2001","2009","9964/3"
"9930/3","2001","2009","9980/3"
"9930/3","2001","2009","9982/3"
"9930/3","2001","2009","9983/3"
"9930/3","2001","2009","9984/3"
"9930/3","2001","2009","9985/3"
"9930/3","2001","2009","9986/3"
"9930/3","2001","2009","9987/3"
"9930/3","2001","2009","9989/3"
"9732/3","2001","2009","9590/3"
"9732/3","2001","2009","9731/3"
"9732/3","2001","9999","9733/3"
"9732/3","2001","2009","9734/3"
"9808/3","2010","9999","9800/3"
"9808/3","2010","9999","9801/3"
"9808/3","2010","9999","9805/3"
"9808/3","2010","9999","9860/3"
"9808/3","2010","9999","9861/3"
"9920/3","2001","9999","9800/3"
"9920/3","2001","9999","9801/3"
"9920/3","2001","2009","9805/3"
"9920/3","2001","2009","9840/3"
"9920/3","2001","9999","9860/3"
"9920/3","2001","2009","9861/3"
"9920/3","2001","2009","9863/3"
"9920/3","2001","2009","9866/3"
"9920/3","2001","2009","9867/3"
"9920/3","2001","2009","9870/3"
"9920/3","2001","2009","9871/3"
"9920/3","2001","2009","9872/3"
"9920/3","2001","2009","9873/3"
"9920/3","2001","2009","9874/3"
"9920/3","2001","2009","9875/3"
"9920/3","2001","2009","9876/3"
"9920/3","2001","2009","9891/3"
"9920/3","2001","2009","9895/3"
"9920/3","2001","2009","9896/3"
"9920/3","2001","2009","9897/3"
"9920/3","2001","2009","9910/3"
"9920/3","2001","2009","9930/3"
"9920/3","2001","2009","9931/3"
"9920/3","2001","2009","9945/3"
"9920/3","2001","2009","9946/3"
"9920/3","2001","2009","9960/3"
"9920/3","2001","2009","9961/3"
"9920/3","2001","2009","9962/3"
"9920/3","2001","2009","9963/3"
"9920/3","2001","2009","9964/3"
"9920/3","2001","2009","9980/3"
"9920/3","2001","2009","9982/3"
"9920/3","2001","2009","9983/3"
"9920/3","2001","2009","9984/3"
"9920/3","2001","2009","9985/3"
"9920/3","2001","2009","9986/3"
"9920/3","2001","9999","9987/3"
"9920/3","2001","2009","9989/3"
"9756/3","2001","2009","9590/3"
"9756/3","2001","9999","9750/3"
"9756/3","2010","9999","9751/3"
"9756/3","2001","9999","9754/3"
"9756/3","2001","9999","9755/3"
